"Year","time_period","LEP","level_or_type","Ach","level_or_typeNeat","AY"
16,201617,"Black Country","Apprenticeships: Total",7500,"Apprenticeships (all ages)","16/17"
16,201617,"Black Country","Community learning: Total",10320,"Community learning (adults only)","16/17"
16,201617,"Black Country","Education and training: Total",22410,"Education and training (adults only)","16/17"
16,201617,"Black Country","Further education and skills: Total",39370,"Total FE and skills provision","16/17"
16,201617,"Buckinghamshire","Apprenticeships: Total",1520,"Apprenticeships (all ages)","16/17"
16,201617,"Buckinghamshire","Community learning: Total",4610,"Community learning (adults only)","16/17"
16,201617,"Buckinghamshire","Education and training: Total",3810,"Education and training (adults only)","16/17"
16,201617,"Buckinghamshire","Further education and skills: Total",9730,"Total FE and skills provision","16/17"
16,201617,"Cheshire and Warrington","Apprenticeships: Total",4870,"Apprenticeships (all ages)","16/17"
16,201617,"Cheshire and Warrington","Community learning: Total",7530,"Community learning (adults only)","16/17"
16,201617,"Cheshire and Warrington","Education and training: Total",11610,"Education and training (adults only)","16/17"
16,201617,"Cheshire and Warrington","Further education and skills: Total",23940,"Total FE and skills provision","16/17"
16,201617,"Coast to Capital","Apprenticeships: Total",4990,"Apprenticeships (all ages)","16/17"
16,201617,"Coast to Capital","Community learning: Total",8680,"Community learning (adults only)","16/17"
16,201617,"Coast to Capital","Education and training: Total",15500,"Education and training (adults only)","16/17"
16,201617,"Coast to Capital","Further education and skills: Total",29780,"Total FE and skills provision","16/17"
16,201617,"Cornwall and Isles of Scilly","Apprenticeships: Total",3480,"Apprenticeships (all ages)","16/17"
16,201617,"Cornwall and Isles of Scilly","Community learning: Total",4550,"Community learning (adults only)","16/17"
16,201617,"Cornwall and Isles of Scilly","Education and training: Total",7360,"Education and training (adults only)","16/17"
16,201617,"Cornwall and Isles of Scilly","Further education and skills: Total",15580,"Total FE and skills provision","16/17"
16,201617,"Coventry and Warwickshire","Apprenticeships: Total",4370,"Apprenticeships (all ages)","16/17"
16,201617,"Coventry and Warwickshire","Community learning: Total",4650,"Community learning (adults only)","16/17"
16,201617,"Coventry and Warwickshire","Education and training: Total",11980,"Education and training (adults only)","16/17"
16,201617,"Coventry and Warwickshire","Further education and skills: Total",21280,"Total FE and skills provision","16/17"
16,201617,"Cumbria","Apprenticeships: Total",3300,"Apprenticeships (all ages)","16/17"
16,201617,"Cumbria","Community learning: Total",3780,"Community learning (adults only)","16/17"
16,201617,"Cumbria","Education and training: Total",5740,"Education and training (adults only)","16/17"
16,201617,"Cumbria","Further education and skills: Total",13300,"Total FE and skills provision","16/17"
16,201617,"Derby, Derbyshire, Nottingham and Nottinghamshire","Apprenticeships: Total",13230,"Apprenticeships (all ages)","16/17"
16,201617,"Derby, Derbyshire, Nottingham and Nottinghamshire","Community learning: Total",20090,"Community learning (adults only)","16/17"
16,201617,"Derby, Derbyshire, Nottingham and Nottinghamshire","Education and training: Total",32700,"Education and training (adults only)","16/17"
16,201617,"Derby, Derbyshire, Nottingham and Nottinghamshire","Further education and skills: Total",65520,"Total FE and skills provision","16/17"
16,201617,"Dorset","Apprenticeships: Total",4640,"Apprenticeships (all ages)","16/17"
16,201617,"Dorset","Community learning: Total",3380,"Community learning (adults only)","16/17"
16,201617,"Dorset","Education and training: Total",6800,"Education and training (adults only)","16/17"
16,201617,"Dorset","Further education and skills: Total",15250,"Total FE and skills provision","16/17"
16,201617,"Enterprise M3","Apprenticeships: Total",5710,"Apprenticeships (all ages)","16/17"
16,201617,"Enterprise M3","Community learning: Total",14220,"Community learning (adults only)","16/17"
16,201617,"Enterprise M3","Education and training: Total",11500,"Education and training (adults only)","16/17"
16,201617,"Enterprise M3","Further education and skills: Total",32130,"Total FE and skills provision","16/17"
16,201617,"Gloucestershire","Apprenticeships: Total",2890,"Apprenticeships (all ages)","16/17"
16,201617,"Gloucestershire","Community learning: Total",1970,"Community learning (adults only)","16/17"
16,201617,"Gloucestershire","Education and training: Total",6570,"Education and training (adults only)","16/17"
16,201617,"Gloucestershire","Further education and skills: Total",11710,"Total FE and skills provision","16/17"
16,201617,"Greater Birmingham and Solihull","Apprenticeships: Total",11130,"Apprenticeships (all ages)","16/17"
16,201617,"Greater Birmingham and Solihull","Community learning: Total",14350,"Community learning (adults only)","16/17"
16,201617,"Greater Birmingham and Solihull","Education and training: Total",41250,"Education and training (adults only)","16/17"
16,201617,"Greater Birmingham and Solihull","Further education and skills: Total",64570,"Total FE and skills provision","16/17"
16,201617,"Greater Cambridge and Greater Peterborough","Apprenticeships: Total",3210,"Apprenticeships (all ages)","16/17"
16,201617,"Greater Cambridge and Greater Peterborough","Community learning: Total",8390,"Community learning (adults only)","16/17"
16,201617,"Greater Cambridge and Greater Peterborough","Education and training: Total",8120,"Education and training (adults only)","16/17"
16,201617,"Greater Cambridge and Greater Peterborough","Further education and skills: Total",19680,"Total FE and skills provision","16/17"
16,201617,"Greater Lincolnshire","Apprenticeships: Total",6180,"Apprenticeships (all ages)","16/17"
16,201617,"Greater Lincolnshire","Community learning: Total",10730,"Community learning (adults only)","16/17"
16,201617,"Greater Lincolnshire","Education and training: Total",16600,"Education and training (adults only)","16/17"
16,201617,"Greater Lincolnshire","Further education and skills: Total",32860,"Total FE and skills provision","16/17"
16,201617,"Greater Manchester","Apprenticeships: Total",16280,"Apprenticeships (all ages)","16/17"
16,201617,"Greater Manchester","Community learning: Total",25060,"Community learning (adults only)","16/17"
16,201617,"Greater Manchester","Education and training: Total",48930,"Education and training (adults only)","16/17"
16,201617,"Greater Manchester","Further education and skills: Total",86980,"Total FE and skills provision","16/17"
16,201617,"Heart of South West","Apprenticeships: Total",760,"Apprenticeships (all ages)","16/17"
16,201617,"Heart of South West","Community learning: Total",1770,"Community learning (adults only)","16/17"
16,201617,"Heart of South West","Education and training: Total",2200,"Education and training (adults only)","16/17"
16,201617,"Heart of South West","Further education and skills: Total",4810,"Total FE and skills provision","16/17"
16,201617,"Heart of the South West","Apprenticeships: Total",9560,"Apprenticeships (all ages)","16/17"
16,201617,"Heart of the South West","Community learning: Total",12860,"Community learning (adults only)","16/17"
16,201617,"Heart of the South West","Education and training: Total",23200,"Education and training (adults only)","16/17"
16,201617,"Heart of the South West","Further education and skills: Total",45600,"Total FE and skills provision","16/17"
16,201617,"Hertfordshire","Apprenticeships: Total",3860,"Apprenticeships (all ages)","16/17"
16,201617,"Hertfordshire","Community learning: Total",6590,"Community learning (adults only)","16/17"
16,201617,"Hertfordshire","Education and training: Total",9200,"Education and training (adults only)","16/17"
16,201617,"Hertfordshire","Further education and skills: Total",19620,"Total FE and skills provision","16/17"
16,201617,"Hull and East Yorkshire","Apprenticeships: Total",4530,"Apprenticeships (all ages)","16/17"
16,201617,"Hull and East Yorkshire","Community learning: Total",4350,"Community learning (adults only)","16/17"
16,201617,"Hull and East Yorkshire","Education and training: Total",13280,"Education and training (adults only)","16/17"
16,201617,"Hull and East Yorkshire","Further education and skills: Total",22290,"Total FE and skills provision","16/17"
16,201617,"Lancashire","Apprenticeships: Total",9320,"Apprenticeships (all ages)","16/17"
16,201617,"Lancashire","Community learning: Total",16500,"Community learning (adults only)","16/17"
16,201617,"Lancashire","Education and training: Total",28160,"Education and training (adults only)","16/17"
16,201617,"Lancashire","Further education and skills: Total",53480,"Total FE and skills provision","16/17"
16,201617,"Leeds City Region","Apprenticeships: Total",13120,"Apprenticeships (all ages)","16/17"
16,201617,"Leeds City Region","Community learning: Total",17000,"Community learning (adults only)","16/17"
16,201617,"Leeds City Region","Education and training: Total",40790,"Education and training (adults only)","16/17"
16,201617,"Leeds City Region","Further education and skills: Total",70440,"Total FE and skills provision","16/17"
16,201617,"Leicester and Leicestershire","Apprenticeships: Total",5060,"Apprenticeships (all ages)","16/17"
16,201617,"Leicester and Leicestershire","Community learning: Total",7250,"Community learning (adults only)","16/17"
16,201617,"Leicester and Leicestershire","Education and training: Total",15430,"Education and training (adults only)","16/17"
16,201617,"Leicester and Leicestershire","Further education and skills: Total",27650,"Total FE and skills provision","16/17"
16,201617,"Liverpool City Region","Apprenticeships: Total",9540,"Apprenticeships (all ages)","16/17"
16,201617,"Liverpool City Region","Community learning: Total",19140,"Community learning (adults only)","16/17"
16,201617,"Liverpool City Region","Education and training: Total",29670,"Education and training (adults only)","16/17"
16,201617,"Liverpool City Region","Further education and skills: Total",56680,"Total FE and skills provision","16/17"
16,201617,"London","Apprenticeships: Total",23830,"Apprenticeships (all ages)","16/17"
16,201617,"London","Community learning: Total",97820,"Community learning (adults only)","16/17"
16,201617,"London","Education and training: Total",163060,"Education and training (adults only)","16/17"
16,201617,"London","Further education and skills: Total",279340,"Total FE and skills provision","16/17"
16,201617,"New Anglia","Apprenticeships: Total",7700,"Apprenticeships (all ages)","16/17"
16,201617,"New Anglia","Community learning: Total",8820,"Community learning (adults only)","16/17"
16,201617,"New Anglia","Education and training: Total",15950,"Education and training (adults only)","16/17"
16,201617,"New Anglia","Further education and skills: Total",32360,"Total FE and skills provision","16/17"
16,201617,"North East","Apprenticeships: Total",15750,"Apprenticeships (all ages)","16/17"
16,201617,"North East","Community learning: Total",17750,"Community learning (adults only)","16/17"
16,201617,"North East","Education and training: Total",49590,"Education and training (adults only)","16/17"
16,201617,"North East","Further education and skills: Total",81750,"Total FE and skills provision","16/17"
16,201617,"Oxfordshire","Apprenticeships: Total",2500,"Apprenticeships (all ages)","16/17"
16,201617,"Oxfordshire","Community learning: Total",5900,"Community learning (adults only)","16/17"
16,201617,"Oxfordshire","Education and training: Total",5110,"Education and training (adults only)","16/17"
16,201617,"Oxfordshire","Further education and skills: Total",13230,"Total FE and skills provision","16/17"
16,201617,"Sheffield City Region","Apprenticeships: Total",8920,"Apprenticeships (all ages)","16/17"
16,201617,"Sheffield City Region","Community learning: Total",5790,"Community learning (adults only)","16/17"
16,201617,"Sheffield City Region","Education and training: Total",25440,"Education and training (adults only)","16/17"
16,201617,"Sheffield City Region","Further education and skills: Total",40250,"Total FE and skills provision","16/17"
16,201617,"Solent","Apprenticeships: Total",8040,"Apprenticeships (all ages)","16/17"
16,201617,"Solent","Community learning: Total",9500,"Community learning (adults only)","16/17"
16,201617,"Solent","Education and training: Total",14260,"Education and training (adults only)","16/17"
16,201617,"Solent","Further education and skills: Total",33060,"Total FE and skills provision","16/17"
16,201617,"South East","Apprenticeships: Total",17500,"Apprenticeships (all ages)","16/17"
16,201617,"South East","Community learning: Total",31540,"Community learning (adults only)","16/17"
16,201617,"South East","Education and training: Total",48180,"Education and training (adults only)","16/17"
16,201617,"South East","Further education and skills: Total",98040,"Total FE and skills provision","16/17"
16,201617,"South East Midlands","Apprenticeships: Total",7410,"Apprenticeships (all ages)","16/17"
16,201617,"South East Midlands","Community learning: Total",9800,"Community learning (adults only)","16/17"
16,201617,"South East Midlands","Education and training: Total",22160,"Education and training (adults only)","16/17"
16,201617,"South East Midlands","Further education and skills: Total",39170,"Total FE and skills provision","16/17"
16,201617,"Stoke-on-Trent and Staffordshire","Apprenticeships: Total",7440,"Apprenticeships (all ages)","16/17"
16,201617,"Stoke-on-Trent and Staffordshire","Community learning: Total",8330,"Community learning (adults only)","16/17"
16,201617,"Stoke-on-Trent and Staffordshire","Education and training: Total",14460,"Education and training (adults only)","16/17"
16,201617,"Stoke-on-Trent and Staffordshire","Further education and skills: Total",30150,"Total FE and skills provision","16/17"
16,201617,"Swindon and Wiltshire","Apprenticeships: Total",4280,"Apprenticeships (all ages)","16/17"
16,201617,"Swindon and Wiltshire","Community learning: Total",2720,"Community learning (adults only)","16/17"
16,201617,"Swindon and Wiltshire","Education and training: Total",7080,"Education and training (adults only)","16/17"
16,201617,"Swindon and Wiltshire","Further education and skills: Total",15150,"Total FE and skills provision","16/17"
16,201617,"Tees Valley","Apprenticeships: Total",5540,"Apprenticeships (all ages)","16/17"
16,201617,"Tees Valley","Community learning: Total",8020,"Community learning (adults only)","16/17"
16,201617,"Tees Valley","Education and training: Total",21990,"Education and training (adults only)","16/17"
16,201617,"Tees Valley","Further education and skills: Total",34350,"Total FE and skills provision","16/17"
16,201617,"Thames Valley Berkshire","Apprenticeships: Total",3210,"Apprenticeships (all ages)","16/17"
16,201617,"Thames Valley Berkshire","Community learning: Total",10360,"Community learning (adults only)","16/17"
16,201617,"Thames Valley Berkshire","Education and training: Total",8840,"Education and training (adults only)","16/17"
16,201617,"Thames Valley Berkshire","Further education and skills: Total",22180,"Total FE and skills provision","16/17"
16,201617,"The Marches","Apprenticeships: Total",4300,"Apprenticeships (all ages)","16/17"
16,201617,"The Marches","Community learning: Total",3540,"Community learning (adults only)","16/17"
16,201617,"The Marches","Education and training: Total",9000,"Education and training (adults only)","16/17"
16,201617,"The Marches","Further education and skills: Total",17500,"Total FE and skills provision","16/17"
16,201617,"West of England","Apprenticeships: Total",4870,"Apprenticeships (all ages)","16/17"
16,201617,"West of England","Community learning: Total",4060,"Community learning (adults only)","16/17"
16,201617,"West of England","Education and training: Total",14950,"Education and training (adults only)","16/17"
16,201617,"West of England","Further education and skills: Total",24220,"Total FE and skills provision","16/17"
16,201617,"Worcestershire","Apprenticeships: Total",3000,"Apprenticeships (all ages)","16/17"
16,201617,"Worcestershire","Community learning: Total",3080,"Community learning (adults only)","16/17"
16,201617,"Worcestershire","Education and training: Total",6230,"Education and training (adults only)","16/17"
16,201617,"Worcestershire","Further education and skills: Total",12420,"Total FE and skills provision","16/17"
16,201617,"York and North Yorkshire","Apprenticeships: Total",6480,"Apprenticeships (all ages)","16/17"
16,201617,"York and North Yorkshire","Community learning: Total",5460,"Community learning (adults only)","16/17"
16,201617,"York and North Yorkshire","Education and training: Total",7450,"Education and training (adults only)","16/17"
16,201617,"York and North Yorkshire","Further education and skills: Total",19330,"Total FE and skills provision","16/17"
16,201617,NA,"Apprenticeships: Total",558150,"Apprenticeships (all ages)","16/17"
16,201617,NA,"Community learning: Total",918570,"Community learning (adults only)","16/17"
16,201617,NA,"Education and training: Total",1724680,"Education and training (adults only)","16/17"
16,201617,NA,"Further education and skills: Total",3179150,"Total FE and skills provision","16/17"
17,201718,"Black Country","Apprenticeships: Total",7810,"Apprenticeships (all ages)","17/18"
17,201718,"Black Country","Community learning: Total",8810,"Community learning (adults only)","17/18"
17,201718,"Black Country","Education and training: Total",25070,"Education and training (adults only)","17/18"
17,201718,"Black Country","Further education and skills: Total",40430,"Total FE and skills provision","17/18"
17,201718,"Buckinghamshire","Apprenticeships: Total",1590,"Apprenticeships (all ages)","17/18"
17,201718,"Buckinghamshire","Community learning: Total",4040,"Community learning (adults only)","17/18"
17,201718,"Buckinghamshire","Education and training: Total",3940,"Education and training (adults only)","17/18"
17,201718,"Buckinghamshire","Further education and skills: Total",9390,"Total FE and skills provision","17/18"
17,201718,"Cheshire and Warrington","Apprenticeships: Total",4950,"Apprenticeships (all ages)","17/18"
17,201718,"Cheshire and Warrington","Community learning: Total",6940,"Community learning (adults only)","17/18"
17,201718,"Cheshire and Warrington","Education and training: Total",11670,"Education and training (adults only)","17/18"
17,201718,"Cheshire and Warrington","Further education and skills: Total",23290,"Total FE and skills provision","17/18"
17,201718,"Coast to Capital","Apprenticeships: Total",5230,"Apprenticeships (all ages)","17/18"
17,201718,"Coast to Capital","Community learning: Total",7560,"Community learning (adults only)","17/18"
17,201718,"Coast to Capital","Education and training: Total",15610,"Education and training (adults only)","17/18"
17,201718,"Coast to Capital","Further education and skills: Total",28640,"Total FE and skills provision","17/18"
17,201718,"Cornwall and Isles of Scilly","Apprenticeships: Total",3420,"Apprenticeships (all ages)","17/18"
17,201718,"Cornwall and Isles of Scilly","Community learning: Total",3920,"Community learning (adults only)","17/18"
17,201718,"Cornwall and Isles of Scilly","Education and training: Total",7810,"Education and training (adults only)","17/18"
17,201718,"Cornwall and Isles of Scilly","Further education and skills: Total",15500,"Total FE and skills provision","17/18"
17,201718,"Coventry and Warwickshire","Apprenticeships: Total",4440,"Apprenticeships (all ages)","17/18"
17,201718,"Coventry and Warwickshire","Community learning: Total",4050,"Community learning (adults only)","17/18"
17,201718,"Coventry and Warwickshire","Education and training: Total",12520,"Education and training (adults only)","17/18"
17,201718,"Coventry and Warwickshire","Further education and skills: Total",21130,"Total FE and skills provision","17/18"
17,201718,"Cumbria","Apprenticeships: Total",3710,"Apprenticeships (all ages)","17/18"
17,201718,"Cumbria","Community learning: Total",3130,"Community learning (adults only)","17/18"
17,201718,"Cumbria","Education and training: Total",6550,"Education and training (adults only)","17/18"
17,201718,"Cumbria","Further education and skills: Total",13540,"Total FE and skills provision","17/18"
17,201718,"Derby, Derbyshire, Nottingham and Nottinghamshire","Apprenticeships: Total",13060,"Apprenticeships (all ages)","17/18"
17,201718,"Derby, Derbyshire, Nottingham and Nottinghamshire","Community learning: Total",19750,"Community learning (adults only)","17/18"
17,201718,"Derby, Derbyshire, Nottingham and Nottinghamshire","Education and training: Total",33690,"Education and training (adults only)","17/18"
17,201718,"Derby, Derbyshire, Nottingham and Nottinghamshire","Further education and skills: Total",64850,"Total FE and skills provision","17/18"
17,201718,"Dorset","Apprenticeships: Total",4690,"Apprenticeships (all ages)","17/18"
17,201718,"Dorset","Community learning: Total",3340,"Community learning (adults only)","17/18"
17,201718,"Dorset","Education and training: Total",7270,"Education and training (adults only)","17/18"
17,201718,"Dorset","Further education and skills: Total",15590,"Total FE and skills provision","17/18"
17,201718,"Enterprise M3","Apprenticeships: Total",5510,"Apprenticeships (all ages)","17/18"
17,201718,"Enterprise M3","Community learning: Total",13530,"Community learning (adults only)","17/18"
17,201718,"Enterprise M3","Education and training: Total",11420,"Education and training (adults only)","17/18"
17,201718,"Enterprise M3","Further education and skills: Total",31070,"Total FE and skills provision","17/18"
17,201718,"Gloucestershire","Apprenticeships: Total",3000,"Apprenticeships (all ages)","17/18"
17,201718,"Gloucestershire","Community learning: Total",2000,"Community learning (adults only)","17/18"
17,201718,"Gloucestershire","Education and training: Total",6300,"Education and training (adults only)","17/18"
17,201718,"Gloucestershire","Further education and skills: Total",11400,"Total FE and skills provision","17/18"
17,201718,"Greater Birmingham and Solihull","Apprenticeships: Total",11560,"Apprenticeships (all ages)","17/18"
17,201718,"Greater Birmingham and Solihull","Community learning: Total",12320,"Community learning (adults only)","17/18"
17,201718,"Greater Birmingham and Solihull","Education and training: Total",46660,"Education and training (adults only)","17/18"
17,201718,"Greater Birmingham and Solihull","Further education and skills: Total",67220,"Total FE and skills provision","17/18"
17,201718,"Greater Cambridge and Greater Peterborough","Apprenticeships: Total",3300,"Apprenticeships (all ages)","17/18"
17,201718,"Greater Cambridge and Greater Peterborough","Community learning: Total",8740,"Community learning (adults only)","17/18"
17,201718,"Greater Cambridge and Greater Peterborough","Education and training: Total",8180,"Education and training (adults only)","17/18"
17,201718,"Greater Cambridge and Greater Peterborough","Further education and skills: Total",19760,"Total FE and skills provision","17/18"
17,201718,"Greater Lincolnshire","Apprenticeships: Total",5890,"Apprenticeships (all ages)","17/18"
17,201718,"Greater Lincolnshire","Community learning: Total",8850,"Community learning (adults only)","17/18"
17,201718,"Greater Lincolnshire","Education and training: Total",16820,"Education and training (adults only)","17/18"
17,201718,"Greater Lincolnshire","Further education and skills: Total",30820,"Total FE and skills provision","17/18"
17,201718,"Greater Manchester","Apprenticeships: Total",15630,"Apprenticeships (all ages)","17/18"
17,201718,"Greater Manchester","Community learning: Total",20870,"Community learning (adults only)","17/18"
17,201718,"Greater Manchester","Education and training: Total",53210,"Education and training (adults only)","17/18"
17,201718,"Greater Manchester","Further education and skills: Total",85280,"Total FE and skills provision","17/18"
17,201718,"Heart of South West","Apprenticeships: Total",770,"Apprenticeships (all ages)","17/18"
17,201718,"Heart of South West","Community learning: Total",610,"Community learning (adults only)","17/18"
17,201718,"Heart of South West","Education and training: Total",2110,"Education and training (adults only)","17/18"
17,201718,"Heart of South West","Further education and skills: Total",3590,"Total FE and skills provision","17/18"
17,201718,"Heart of the South West","Apprenticeships: Total",10090,"Apprenticeships (all ages)","17/18"
17,201718,"Heart of the South West","Community learning: Total",9590,"Community learning (adults only)","17/18"
17,201718,"Heart of the South West","Education and training: Total",23000,"Education and training (adults only)","17/18"
17,201718,"Heart of the South West","Further education and skills: Total",42660,"Total FE and skills provision","17/18"
17,201718,"Hertfordshire","Apprenticeships: Total",3510,"Apprenticeships (all ages)","17/18"
17,201718,"Hertfordshire","Community learning: Total",5920,"Community learning (adults only)","17/18"
17,201718,"Hertfordshire","Education and training: Total",9330,"Education and training (adults only)","17/18"
17,201718,"Hertfordshire","Further education and skills: Total",18700,"Total FE and skills provision","17/18"
17,201718,"Hull and East Yorkshire","Apprenticeships: Total",4880,"Apprenticeships (all ages)","17/18"
17,201718,"Hull and East Yorkshire","Community learning: Total",3160,"Community learning (adults only)","17/18"
17,201718,"Hull and East Yorkshire","Education and training: Total",13080,"Education and training (adults only)","17/18"
17,201718,"Hull and East Yorkshire","Further education and skills: Total",21100,"Total FE and skills provision","17/18"
17,201718,"Lancashire","Apprenticeships: Total",10020,"Apprenticeships (all ages)","17/18"
17,201718,"Lancashire","Community learning: Total",18780,"Community learning (adults only)","17/18"
17,201718,"Lancashire","Education and training: Total",29800,"Education and training (adults only)","17/18"
17,201718,"Lancashire","Further education and skills: Total",56740,"Total FE and skills provision","17/18"
17,201718,"Leeds City Region","Apprenticeships: Total",12950,"Apprenticeships (all ages)","17/18"
17,201718,"Leeds City Region","Community learning: Total",16730,"Community learning (adults only)","17/18"
17,201718,"Leeds City Region","Education and training: Total",42150,"Education and training (adults only)","17/18"
17,201718,"Leeds City Region","Further education and skills: Total",70780,"Total FE and skills provision","17/18"
17,201718,"Leicester and Leicestershire","Apprenticeships: Total",5270,"Apprenticeships (all ages)","17/18"
17,201718,"Leicester and Leicestershire","Community learning: Total",6660,"Community learning (adults only)","17/18"
17,201718,"Leicester and Leicestershire","Education and training: Total",16560,"Education and training (adults only)","17/18"
17,201718,"Leicester and Leicestershire","Further education and skills: Total",28000,"Total FE and skills provision","17/18"
17,201718,"Liverpool City Region","Apprenticeships: Total",10070,"Apprenticeships (all ages)","17/18"
17,201718,"Liverpool City Region","Community learning: Total",19410,"Community learning (adults only)","17/18"
17,201718,"Liverpool City Region","Education and training: Total",33690,"Education and training (adults only)","17/18"
17,201718,"Liverpool City Region","Further education and skills: Total",60190,"Total FE and skills provision","17/18"
17,201718,"London","Apprenticeships: Total",23980,"Apprenticeships (all ages)","17/18"
17,201718,"London","Community learning: Total",98080,"Community learning (adults only)","17/18"
17,201718,"London","Education and training: Total",172420,"Education and training (adults only)","17/18"
17,201718,"London","Further education and skills: Total",285360,"Total FE and skills provision","17/18"
17,201718,"New Anglia","Apprenticeships: Total",7250,"Apprenticeships (all ages)","17/18"
17,201718,"New Anglia","Community learning: Total",8320,"Community learning (adults only)","17/18"
17,201718,"New Anglia","Education and training: Total",17490,"Education and training (adults only)","17/18"
17,201718,"New Anglia","Further education and skills: Total",32180,"Total FE and skills provision","17/18"
17,201718,"North East","Apprenticeships: Total",14430,"Apprenticeships (all ages)","17/18"
17,201718,"North East","Community learning: Total",14010,"Community learning (adults only)","17/18"
17,201718,"North East","Education and training: Total",50060,"Education and training (adults only)","17/18"
17,201718,"North East","Further education and skills: Total",76230,"Total FE and skills provision","17/18"
17,201718,"Oxfordshire","Apprenticeships: Total",2320,"Apprenticeships (all ages)","17/18"
17,201718,"Oxfordshire","Community learning: Total",5590,"Community learning (adults only)","17/18"
17,201718,"Oxfordshire","Education and training: Total",5920,"Education and training (adults only)","17/18"
17,201718,"Oxfordshire","Further education and skills: Total",13280,"Total FE and skills provision","17/18"
17,201718,"Sheffield City Region","Apprenticeships: Total",8140,"Apprenticeships (all ages)","17/18"
17,201718,"Sheffield City Region","Community learning: Total",7690,"Community learning (adults only)","17/18"
17,201718,"Sheffield City Region","Education and training: Total",28220,"Education and training (adults only)","17/18"
17,201718,"Sheffield City Region","Further education and skills: Total",43640,"Total FE and skills provision","17/18"
17,201718,"Solent","Apprenticeships: Total",7990,"Apprenticeships (all ages)","17/18"
17,201718,"Solent","Community learning: Total",9340,"Community learning (adults only)","17/18"
17,201718,"Solent","Education and training: Total",15140,"Education and training (adults only)","17/18"
17,201718,"Solent","Further education and skills: Total",33460,"Total FE and skills provision","17/18"
17,201718,"South East","Apprenticeships: Total",17270,"Apprenticeships (all ages)","17/18"
17,201718,"South East","Community learning: Total",29330,"Community learning (adults only)","17/18"
17,201718,"South East","Education and training: Total",50040,"Education and training (adults only)","17/18"
17,201718,"South East","Further education and skills: Total",96650,"Total FE and skills provision","17/18"
17,201718,"South East Midlands","Apprenticeships: Total",7100,"Apprenticeships (all ages)","17/18"
17,201718,"South East Midlands","Community learning: Total",10110,"Community learning (adults only)","17/18"
17,201718,"South East Midlands","Education and training: Total",24300,"Education and training (adults only)","17/18"
17,201718,"South East Midlands","Further education and skills: Total",41300,"Total FE and skills provision","17/18"
17,201718,"Stoke-on-Trent and Staffordshire","Apprenticeships: Total",7410,"Apprenticeships (all ages)","17/18"
17,201718,"Stoke-on-Trent and Staffordshire","Community learning: Total",6570,"Community learning (adults only)","17/18"
17,201718,"Stoke-on-Trent and Staffordshire","Education and training: Total",14060,"Education and training (adults only)","17/18"
17,201718,"Stoke-on-Trent and Staffordshire","Further education and skills: Total",27370,"Total FE and skills provision","17/18"
17,201718,"Swindon and Wiltshire","Apprenticeships: Total",4340,"Apprenticeships (all ages)","17/18"
17,201718,"Swindon and Wiltshire","Community learning: Total",2080,"Community learning (adults only)","17/18"
17,201718,"Swindon and Wiltshire","Education and training: Total",7030,"Education and training (adults only)","17/18"
17,201718,"Swindon and Wiltshire","Further education and skills: Total",14510,"Total FE and skills provision","17/18"
17,201718,"Tees Valley","Apprenticeships: Total",5580,"Apprenticeships (all ages)","17/18"
17,201718,"Tees Valley","Community learning: Total",6960,"Community learning (adults only)","17/18"
17,201718,"Tees Valley","Education and training: Total",22420,"Education and training (adults only)","17/18"
17,201718,"Tees Valley","Further education and skills: Total",33650,"Total FE and skills provision","17/18"
17,201718,"Thames Valley Berkshire","Apprenticeships: Total",3130,"Apprenticeships (all ages)","17/18"
17,201718,"Thames Valley Berkshire","Community learning: Total",10190,"Community learning (adults only)","17/18"
17,201718,"Thames Valley Berkshire","Education and training: Total",9760,"Education and training (adults only)","17/18"
17,201718,"Thames Valley Berkshire","Further education and skills: Total",22820,"Total FE and skills provision","17/18"
17,201718,"The Marches","Apprenticeships: Total",4390,"Apprenticeships (all ages)","17/18"
17,201718,"The Marches","Community learning: Total",3090,"Community learning (adults only)","17/18"
17,201718,"The Marches","Education and training: Total",8270,"Education and training (adults only)","17/18"
17,201718,"The Marches","Further education and skills: Total",16340,"Total FE and skills provision","17/18"
17,201718,"West of England","Apprenticeships: Total",4980,"Apprenticeships (all ages)","17/18"
17,201718,"West of England","Community learning: Total",3780,"Community learning (adults only)","17/18"
17,201718,"West of England","Education and training: Total",16070,"Education and training (adults only)","17/18"
17,201718,"West of England","Further education and skills: Total",24890,"Total FE and skills provision","17/18"
17,201718,"Worcestershire","Apprenticeships: Total",3080,"Apprenticeships (all ages)","17/18"
17,201718,"Worcestershire","Community learning: Total",2410,"Community learning (adults only)","17/18"
17,201718,"Worcestershire","Education and training: Total",5710,"Education and training (adults only)","17/18"
17,201718,"Worcestershire","Further education and skills: Total",11100,"Total FE and skills provision","17/18"
17,201718,"York and North Yorkshire","Apprenticeships: Total",5630,"Apprenticeships (all ages)","17/18"
17,201718,"York and North Yorkshire","Community learning: Total",4650,"Community learning (adults only)","17/18"
17,201718,"York and North Yorkshire","Education and training: Total",7890,"Education and training (adults only)","17/18"
17,201718,"York and North Yorkshire","Further education and skills: Total",17960,"Total FE and skills provision","17/18"
17,201718,NA,"Apprenticeships: Total",554790,"Apprenticeships (all ages)","17/18"
17,201718,NA,"Community learning: Total",862610,"Community learning (adults only)","17/18"
17,201718,NA,"Education and training: Total",1810730,"Education and training (adults only)","17/18"
17,201718,NA,"Further education and skills: Total",3168590,"Total FE and skills provision","17/18"
18,201819,"Black Country","Apprenticeships: Total",4790,"Apprenticeships (all ages)","18/19"
18,201819,"Black Country","Community learning: Total",8500,"Community learning (adults only)","18/19"
18,201819,"Black Country","Education and training: Total",25590,"Education and training (adults only)","18/19"
18,201819,"Black Country","Further education and skills: Total",37630,"Total FE and skills provision","18/19"
18,201819,"Buckinghamshire","Apprenticeships: Total",1130,"Apprenticeships (all ages)","18/19"
18,201819,"Buckinghamshire","Community learning: Total",3540,"Community learning (adults only)","18/19"
18,201819,"Buckinghamshire","Education and training: Total",3860,"Education and training (adults only)","18/19"
18,201819,"Buckinghamshire","Further education and skills: Total",8560,"Total FE and skills provision","18/19"
18,201819,"Cheshire and Warrington","Apprenticeships: Total",3440,"Apprenticeships (all ages)","18/19"
18,201819,"Cheshire and Warrington","Community learning: Total",6490,"Community learning (adults only)","18/19"
18,201819,"Cheshire and Warrington","Education and training: Total",12090,"Education and training (adults only)","18/19"
18,201819,"Cheshire and Warrington","Further education and skills: Total",21820,"Total FE and skills provision","18/19"
18,201819,"Coast to Capital","Apprenticeships: Total",3540,"Apprenticeships (all ages)","18/19"
18,201819,"Coast to Capital","Community learning: Total",7560,"Community learning (adults only)","18/19"
18,201819,"Coast to Capital","Education and training: Total",15010,"Education and training (adults only)","18/19"
18,201819,"Coast to Capital","Further education and skills: Total",26530,"Total FE and skills provision","18/19"
18,201819,"Cornwall and Isles of Scilly","Apprenticeships: Total",2370,"Apprenticeships (all ages)","18/19"
18,201819,"Cornwall and Isles of Scilly","Community learning: Total",3640,"Community learning (adults only)","18/19"
18,201819,"Cornwall and Isles of Scilly","Education and training: Total",7990,"Education and training (adults only)","18/19"
18,201819,"Cornwall and Isles of Scilly","Further education and skills: Total",14480,"Total FE and skills provision","18/19"
18,201819,"Coventry and Warwickshire","Apprenticeships: Total",3140,"Apprenticeships (all ages)","18/19"
18,201819,"Coventry and Warwickshire","Community learning: Total",4870,"Community learning (adults only)","18/19"
18,201819,"Coventry and Warwickshire","Education and training: Total",12140,"Education and training (adults only)","18/19"
18,201819,"Coventry and Warwickshire","Further education and skills: Total",20440,"Total FE and skills provision","18/19"
18,201819,"Cumbria","Apprenticeships: Total",2690,"Apprenticeships (all ages)","18/19"
18,201819,"Cumbria","Community learning: Total",3280,"Community learning (adults only)","18/19"
18,201819,"Cumbria","Education and training: Total",7040,"Education and training (adults only)","18/19"
18,201819,"Cumbria","Further education and skills: Total",12730,"Total FE and skills provision","18/19"
18,201819,"Derby, Derbyshire, Nottingham and Nottinghamshire","Apprenticeships: Total",8250,"Apprenticeships (all ages)","18/19"
18,201819,"Derby, Derbyshire, Nottingham and Nottinghamshire","Community learning: Total",16670,"Community learning (adults only)","18/19"
18,201819,"Derby, Derbyshire, Nottingham and Nottinghamshire","Education and training: Total",34290,"Education and training (adults only)","18/19"
18,201819,"Derby, Derbyshire, Nottingham and Nottinghamshire","Further education and skills: Total",58590,"Total FE and skills provision","18/19"
18,201819,"Dorset","Apprenticeships: Total",3600,"Apprenticeships (all ages)","18/19"
18,201819,"Dorset","Community learning: Total",3590,"Community learning (adults only)","18/19"
18,201819,"Dorset","Education and training: Total",8410,"Education and training (adults only)","18/19"
18,201819,"Dorset","Further education and skills: Total",15790,"Total FE and skills provision","18/19"
18,201819,"Enterprise M3","Apprenticeships: Total",4000,"Apprenticeships (all ages)","18/19"
18,201819,"Enterprise M3","Community learning: Total",12720,"Community learning (adults only)","18/19"
18,201819,"Enterprise M3","Education and training: Total",11760,"Education and training (adults only)","18/19"
18,201819,"Enterprise M3","Further education and skills: Total",29030,"Total FE and skills provision","18/19"
18,201819,"Gloucestershire","Apprenticeships: Total",2050,"Apprenticeships (all ages)","18/19"
18,201819,"Gloucestershire","Community learning: Total",3150,"Community learning (adults only)","18/19"
18,201819,"Gloucestershire","Education and training: Total",6010,"Education and training (adults only)","18/19"
18,201819,"Gloucestershire","Further education and skills: Total",11360,"Total FE and skills provision","18/19"
18,201819,"Greater Birmingham and Solihull","Apprenticeships: Total",6850,"Apprenticeships (all ages)","18/19"
18,201819,"Greater Birmingham and Solihull","Community learning: Total",10860,"Community learning (adults only)","18/19"
18,201819,"Greater Birmingham and Solihull","Education and training: Total",44780,"Education and training (adults only)","18/19"
18,201819,"Greater Birmingham and Solihull","Further education and skills: Total",61770,"Total FE and skills provision","18/19"
18,201819,"Greater Cambridge and Greater Peterborough","Apprenticeships: Total",2080,"Apprenticeships (all ages)","18/19"
18,201819,"Greater Cambridge and Greater Peterborough","Community learning: Total",6790,"Community learning (adults only)","18/19"
18,201819,"Greater Cambridge and Greater Peterborough","Education and training: Total",8610,"Education and training (adults only)","18/19"
18,201819,"Greater Cambridge and Greater Peterborough","Further education and skills: Total",17130,"Total FE and skills provision","18/19"
18,201819,"Greater Lincolnshire","Apprenticeships: Total",4130,"Apprenticeships (all ages)","18/19"
18,201819,"Greater Lincolnshire","Community learning: Total",9120,"Community learning (adults only)","18/19"
18,201819,"Greater Lincolnshire","Education and training: Total",17340,"Education and training (adults only)","18/19"
18,201819,"Greater Lincolnshire","Further education and skills: Total",29840,"Total FE and skills provision","18/19"
18,201819,"Greater Manchester","Apprenticeships: Total",10350,"Apprenticeships (all ages)","18/19"
18,201819,"Greater Manchester","Community learning: Total",19870,"Community learning (adults only)","18/19"
18,201819,"Greater Manchester","Education and training: Total",52430,"Education and training (adults only)","18/19"
18,201819,"Greater Manchester","Further education and skills: Total",78150,"Total FE and skills provision","18/19"
18,201819,"Heart of the South West","Apprenticeships: Total",7360,"Apprenticeships (all ages)","18/19"
18,201819,"Heart of the South West","Community learning: Total",12650,"Community learning (adults only)","18/19"
18,201819,"Heart of the South West","Education and training: Total",24280,"Education and training (adults only)","18/19"
18,201819,"Heart of the South West","Further education and skills: Total",44450,"Total FE and skills provision","18/19"
18,201819,"Hertfordshire","Apprenticeships: Total",2460,"Apprenticeships (all ages)","18/19"
18,201819,"Hertfordshire","Community learning: Total",5200,"Community learning (adults only)","18/19"
18,201819,"Hertfordshire","Education and training: Total",9940,"Education and training (adults only)","18/19"
18,201819,"Hertfordshire","Further education and skills: Total",17690,"Total FE and skills provision","18/19"
18,201819,"Hull and East Yorkshire","Apprenticeships: Total",3350,"Apprenticeships (all ages)","18/19"
18,201819,"Hull and East Yorkshire","Community learning: Total",2790,"Community learning (adults only)","18/19"
18,201819,"Hull and East Yorkshire","Education and training: Total",12830,"Education and training (adults only)","18/19"
18,201819,"Hull and East Yorkshire","Further education and skills: Total",19110,"Total FE and skills provision","18/19"
18,201819,"Lancashire","Apprenticeships: Total",6510,"Apprenticeships (all ages)","18/19"
18,201819,"Lancashire","Community learning: Total",18130,"Community learning (adults only)","18/19"
18,201819,"Lancashire","Education and training: Total",28270,"Education and training (adults only)","18/19"
18,201819,"Lancashire","Further education and skills: Total",51100,"Total FE and skills provision","18/19"
18,201819,"Leeds City Region","Apprenticeships: Total",8300,"Apprenticeships (all ages)","18/19"
18,201819,"Leeds City Region","Community learning: Total",17300,"Community learning (adults only)","18/19"
18,201819,"Leeds City Region","Education and training: Total",42320,"Education and training (adults only)","18/19"
18,201819,"Leeds City Region","Further education and skills: Total",67150,"Total FE and skills provision","18/19"
18,201819,"Leicester and Leicestershire","Apprenticeships: Total",3690,"Apprenticeships (all ages)","18/19"
18,201819,"Leicester and Leicestershire","Community learning: Total",6920,"Community learning (adults only)","18/19"
18,201819,"Leicester and Leicestershire","Education and training: Total",17140,"Education and training (adults only)","18/19"
18,201819,"Leicester and Leicestershire","Further education and skills: Total",27310,"Total FE and skills provision","18/19"
18,201819,"Liverpool City Region","Apprenticeships: Total",6120,"Apprenticeships (all ages)","18/19"
18,201819,"Liverpool City Region","Community learning: Total",18670,"Community learning (adults only)","18/19"
18,201819,"Liverpool City Region","Education and training: Total",31940,"Education and training (adults only)","18/19"
18,201819,"Liverpool City Region","Further education and skills: Total",53980,"Total FE and skills provision","18/19"
18,201819,"London","Apprenticeships: Total",15800,"Apprenticeships (all ages)","18/19"
18,201819,"London","Community learning: Total",94620,"Community learning (adults only)","18/19"
18,201819,"London","Education and training: Total",168550,"Education and training (adults only)","18/19"
18,201819,"London","Further education and skills: Total",270930,"Total FE and skills provision","18/19"
18,201819,"New Anglia","Apprenticeships: Total",5540,"Apprenticeships (all ages)","18/19"
18,201819,"New Anglia","Community learning: Total",8650,"Community learning (adults only)","18/19"
18,201819,"New Anglia","Education and training: Total",16170,"Education and training (adults only)","18/19"
18,201819,"New Anglia","Further education and skills: Total",30090,"Total FE and skills provision","18/19"
18,201819,"North East","Apprenticeships: Total",9150,"Apprenticeships (all ages)","18/19"
18,201819,"North East","Community learning: Total",14930,"Community learning (adults only)","18/19"
18,201819,"North East","Education and training: Total",51640,"Education and training (adults only)","18/19"
18,201819,"North East","Further education and skills: Total",73080,"Total FE and skills provision","18/19"
18,201819,"Oxfordshire","Apprenticeships: Total",1550,"Apprenticeships (all ages)","18/19"
18,201819,"Oxfordshire","Community learning: Total",5120,"Community learning (adults only)","18/19"
18,201819,"Oxfordshire","Education and training: Total",5720,"Education and training (adults only)","18/19"
18,201819,"Oxfordshire","Further education and skills: Total",11990,"Total FE and skills provision","18/19"
18,201819,"Sheffield City Region","Apprenticeships: Total",5220,"Apprenticeships (all ages)","18/19"
18,201819,"Sheffield City Region","Community learning: Total",8420,"Community learning (adults only)","18/19"
18,201819,"Sheffield City Region","Education and training: Total",26350,"Education and training (adults only)","18/19"
18,201819,"Sheffield City Region","Further education and skills: Total",39740,"Total FE and skills provision","18/19"
18,201819,"Solent","Apprenticeships: Total",5810,"Apprenticeships (all ages)","18/19"
18,201819,"Solent","Community learning: Total",8210,"Community learning (adults only)","18/19"
18,201819,"Solent","Education and training: Total",15630,"Education and training (adults only)","18/19"
18,201819,"Solent","Further education and skills: Total",30840,"Total FE and skills provision","18/19"
18,201819,"South East","Apprenticeships: Total",12480,"Apprenticeships (all ages)","18/19"
18,201819,"South East","Community learning: Total",31210,"Community learning (adults only)","18/19"
18,201819,"South East","Education and training: Total",46890,"Education and training (adults only)","18/19"
18,201819,"South East","Further education and skills: Total",89340,"Total FE and skills provision","18/19"
18,201819,"South East Midlands","Apprenticeships: Total",4810,"Apprenticeships (all ages)","18/19"
18,201819,"South East Midlands","Community learning: Total",10250,"Community learning (adults only)","18/19"
18,201819,"South East Midlands","Education and training: Total",24810,"Education and training (adults only)","18/19"
18,201819,"South East Midlands","Further education and skills: Total",39820,"Total FE and skills provision","18/19"
18,201819,"Stoke-on-Trent and Staffordshire","Apprenticeships: Total",4620,"Apprenticeships (all ages)","18/19"
18,201819,"Stoke-on-Trent and Staffordshire","Community learning: Total",7490,"Community learning (adults only)","18/19"
18,201819,"Stoke-on-Trent and Staffordshire","Education and training: Total",15420,"Education and training (adults only)","18/19"
18,201819,"Stoke-on-Trent and Staffordshire","Further education and skills: Total",26930,"Total FE and skills provision","18/19"
18,201819,"Swindon and Wiltshire","Apprenticeships: Total",3290,"Apprenticeships (all ages)","18/19"
18,201819,"Swindon and Wiltshire","Community learning: Total",1760,"Community learning (adults only)","18/19"
18,201819,"Swindon and Wiltshire","Education and training: Total",6800,"Education and training (adults only)","18/19"
18,201819,"Swindon and Wiltshire","Further education and skills: Total",12800,"Total FE and skills provision","18/19"
18,201819,"Tees Valley","Apprenticeships: Total",3250,"Apprenticeships (all ages)","18/19"
18,201819,"Tees Valley","Community learning: Total",6890,"Community learning (adults only)","18/19"
18,201819,"Tees Valley","Education and training: Total",20600,"Education and training (adults only)","18/19"
18,201819,"Tees Valley","Further education and skills: Total",28970,"Total FE and skills provision","18/19"
18,201819,"Thames Valley Berkshire","Apprenticeships: Total",2270,"Apprenticeships (all ages)","18/19"
18,201819,"Thames Valley Berkshire","Community learning: Total",8970,"Community learning (adults only)","18/19"
18,201819,"Thames Valley Berkshire","Education and training: Total",8710,"Education and training (adults only)","18/19"
18,201819,"Thames Valley Berkshire","Further education and skills: Total",19970,"Total FE and skills provision","18/19"
18,201819,"The Marches","Apprenticeships: Total",3190,"Apprenticeships (all ages)","18/19"
18,201819,"The Marches","Community learning: Total",3050,"Community learning (adults only)","18/19"
18,201819,"The Marches","Education and training: Total",8280,"Education and training (adults only)","18/19"
18,201819,"The Marches","Further education and skills: Total",15080,"Total FE and skills provision","18/19"
18,201819,"West of England","Apprenticeships: Total",3430,"Apprenticeships (all ages)","18/19"
18,201819,"West of England","Community learning: Total",3730,"Community learning (adults only)","18/19"
18,201819,"West of England","Education and training: Total",15610,"Education and training (adults only)","18/19"
18,201819,"West of England","Further education and skills: Total",22880,"Total FE and skills provision","18/19"
18,201819,"Worcestershire","Apprenticeships: Total",1980,"Apprenticeships (all ages)","18/19"
18,201819,"Worcestershire","Community learning: Total",3530,"Community learning (adults only)","18/19"
18,201819,"Worcestershire","Education and training: Total",6350,"Education and training (adults only)","18/19"
18,201819,"Worcestershire","Further education and skills: Total",11880,"Total FE and skills provision","18/19"
18,201819,"York and North Yorkshire","Apprenticeships: Total",3860,"Apprenticeships (all ages)","18/19"
18,201819,"York and North Yorkshire","Community learning: Total",5080,"Community learning (adults only)","18/19"
18,201819,"York and North Yorkshire","Education and training: Total",9090,"Education and training (adults only)","18/19"
18,201819,"York and North Yorkshire","Further education and skills: Total",17650,"Total FE and skills provision","18/19"
18,201819,NA,"Apprenticeships: Total",371910,"Apprenticeships (all ages)","18/19"
18,201819,NA,"Community learning: Total",847730,"Community learning (adults only)","18/19"
18,201819,NA,"Education and training: Total",1781030,"Education and training (adults only)","18/19"
18,201819,NA,"Further education and skills: Total",2951710,"Total FE and skills provision","18/19"
19,201920,"Black Country","Apprenticeships: Total",3820,"Apprenticeships (all ages)","19/20"
19,201920,"Black Country","Community learning: Total",5590,"Community learning (adults only)","19/20"
19,201920,"Black Country","Education and training: Total",18490,"Education and training (adults only)","19/20"
19,201920,"Black Country","Further education and skills: Total",28160,"Total FE and skills provision","19/20"
19,201920,"Buckinghamshire","Apprenticeships: Total",1000,"Apprenticeships (all ages)","19/20"
19,201920,"Buckinghamshire","Community learning: Total",3240,"Community learning (adults only)","19/20"
19,201920,"Buckinghamshire","Education and training: Total",3430,"Education and training (adults only)","19/20"
19,201920,"Buckinghamshire","Further education and skills: Total",7810,"Total FE and skills provision","19/20"
19,201920,"Cheshire and Warrington","Apprenticeships: Total",2490,"Apprenticeships (all ages)","19/20"
19,201920,"Cheshire and Warrington","Community learning: Total",4780,"Community learning (adults only)","19/20"
19,201920,"Cheshire and Warrington","Education and training: Total",8030,"Education and training (adults only)","19/20"
19,201920,"Cheshire and Warrington","Further education and skills: Total",15450,"Total FE and skills provision","19/20"
19,201920,"Coast to Capital","Apprenticeships: Total",2870,"Apprenticeships (all ages)","19/20"
19,201920,"Coast to Capital","Community learning: Total",6660,"Community learning (adults only)","19/20"
19,201920,"Coast to Capital","Education and training: Total",12450,"Education and training (adults only)","19/20"
19,201920,"Coast to Capital","Further education and skills: Total",22590,"Total FE and skills provision","19/20"
19,201920,"Cornwall and Isles of Scilly","Apprenticeships: Total",1760,"Apprenticeships (all ages)","19/20"
19,201920,"Cornwall and Isles of Scilly","Community learning: Total",3250,"Community learning (adults only)","19/20"
19,201920,"Cornwall and Isles of Scilly","Education and training: Total",6360,"Education and training (adults only)","19/20"
19,201920,"Cornwall and Isles of Scilly","Further education and skills: Total",11720,"Total FE and skills provision","19/20"
19,201920,"Coventry and Warwickshire","Apprenticeships: Total",2390,"Apprenticeships (all ages)","19/20"
19,201920,"Coventry and Warwickshire","Community learning: Total",3790,"Community learning (adults only)","19/20"
19,201920,"Coventry and Warwickshire","Education and training: Total",10180,"Education and training (adults only)","19/20"
19,201920,"Coventry and Warwickshire","Further education and skills: Total",17280,"Total FE and skills provision","19/20"
19,201920,"Cumbria","Apprenticeships: Total",2040,"Apprenticeships (all ages)","19/20"
19,201920,"Cumbria","Community learning: Total",2810,"Community learning (adults only)","19/20"
19,201920,"Cumbria","Education and training: Total",4510,"Education and training (adults only)","19/20"
19,201920,"Cumbria","Further education and skills: Total",9410,"Total FE and skills provision","19/20"
19,201920,"Derby, Derbyshire, Nottingham and Nottinghamshire","Apprenticeships: Total",6620,"Apprenticeships (all ages)","19/20"
19,201920,"Derby, Derbyshire, Nottingham and Nottinghamshire","Community learning: Total",11880,"Community learning (adults only)","19/20"
19,201920,"Derby, Derbyshire, Nottingham and Nottinghamshire","Education and training: Total",26940,"Education and training (adults only)","19/20"
19,201920,"Derby, Derbyshire, Nottingham and Nottinghamshire","Further education and skills: Total",45810,"Total FE and skills provision","19/20"
19,201920,"Dorset","Apprenticeships: Total",2750,"Apprenticeships (all ages)","19/20"
19,201920,"Dorset","Community learning: Total",3070,"Community learning (adults only)","19/20"
19,201920,"Dorset","Education and training: Total",6240,"Education and training (adults only)","19/20"
19,201920,"Dorset","Further education and skills: Total",12450,"Total FE and skills provision","19/20"
19,201920,"Enterprise M3","Apprenticeships: Total",3210,"Apprenticeships (all ages)","19/20"
19,201920,"Enterprise M3","Community learning: Total",10210,"Community learning (adults only)","19/20"
19,201920,"Enterprise M3","Education and training: Total",9910,"Education and training (adults only)","19/20"
19,201920,"Enterprise M3","Further education and skills: Total",24210,"Total FE and skills provision","19/20"
19,201920,"Gloucestershire","Apprenticeships: Total",1650,"Apprenticeships (all ages)","19/20"
19,201920,"Gloucestershire","Community learning: Total",2930,"Community learning (adults only)","19/20"
19,201920,"Gloucestershire","Education and training: Total",4990,"Education and training (adults only)","19/20"
19,201920,"Gloucestershire","Further education and skills: Total",9970,"Total FE and skills provision","19/20"
19,201920,"Greater Birmingham and Solihull","Apprenticeships: Total",5330,"Apprenticeships (all ages)","19/20"
19,201920,"Greater Birmingham and Solihull","Community learning: Total",8230,"Community learning (adults only)","19/20"
19,201920,"Greater Birmingham and Solihull","Education and training: Total",31220,"Education and training (adults only)","19/20"
19,201920,"Greater Birmingham and Solihull","Further education and skills: Total",44040,"Total FE and skills provision","19/20"
19,201920,"Greater Cambridge and Greater Peterborough","Apprenticeships: Total",1780,"Apprenticeships (all ages)","19/20"
19,201920,"Greater Cambridge and Greater Peterborough","Community learning: Total",1800,"Community learning (adults only)","19/20"
19,201920,"Greater Cambridge and Greater Peterborough","Education and training: Total",7230,"Education and training (adults only)","19/20"
19,201920,"Greater Cambridge and Greater Peterborough","Further education and skills: Total",11140,"Total FE and skills provision","19/20"
19,201920,"Greater Lincolnshire","Apprenticeships: Total",3280,"Apprenticeships (all ages)","19/20"
19,201920,"Greater Lincolnshire","Community learning: Total",7380,"Community learning (adults only)","19/20"
19,201920,"Greater Lincolnshire","Education and training: Total",13910,"Education and training (adults only)","19/20"
19,201920,"Greater Lincolnshire","Further education and skills: Total",24570,"Total FE and skills provision","19/20"
19,201920,"Greater Manchester","Apprenticeships: Total",8170,"Apprenticeships (all ages)","19/20"
19,201920,"Greater Manchester","Community learning: Total",15400,"Community learning (adults only)","19/20"
19,201920,"Greater Manchester","Education and training: Total",39610,"Education and training (adults only)","19/20"
19,201920,"Greater Manchester","Further education and skills: Total",60290,"Total FE and skills provision","19/20"
19,201920,"Heart of the South West","Apprenticeships: Total",5810,"Apprenticeships (all ages)","19/20"
19,201920,"Heart of the South West","Community learning: Total",10580,"Community learning (adults only)","19/20"
19,201920,"Heart of the South West","Education and training: Total",19700,"Education and training (adults only)","19/20"
19,201920,"Heart of the South West","Further education and skills: Total",37120,"Total FE and skills provision","19/20"
19,201920,"Hertfordshire","Apprenticeships: Total",2230,"Apprenticeships (all ages)","19/20"
19,201920,"Hertfordshire","Community learning: Total",4920,"Community learning (adults only)","19/20"
19,201920,"Hertfordshire","Education and training: Total",7800,"Education and training (adults only)","19/20"
19,201920,"Hertfordshire","Further education and skills: Total",15240,"Total FE and skills provision","19/20"
19,201920,"Hull and East Yorkshire","Apprenticeships: Total",2840,"Apprenticeships (all ages)","19/20"
19,201920,"Hull and East Yorkshire","Community learning: Total",2130,"Community learning (adults only)","19/20"
19,201920,"Hull and East Yorkshire","Education and training: Total",8340,"Education and training (adults only)","19/20"
19,201920,"Hull and East Yorkshire","Further education and skills: Total",13520,"Total FE and skills provision","19/20"
19,201920,"Lancashire","Apprenticeships: Total",4850,"Apprenticeships (all ages)","19/20"
19,201920,"Lancashire","Community learning: Total",14100,"Community learning (adults only)","19/20"
19,201920,"Lancashire","Education and training: Total",20050,"Education and training (adults only)","19/20"
19,201920,"Lancashire","Further education and skills: Total",38270,"Total FE and skills provision","19/20"
19,201920,"Leeds City Region","Apprenticeships: Total",6660,"Apprenticeships (all ages)","19/20"
19,201920,"Leeds City Region","Community learning: Total",14160,"Community learning (adults only)","19/20"
19,201920,"Leeds City Region","Education and training: Total",34750,"Education and training (adults only)","19/20"
19,201920,"Leeds City Region","Further education and skills: Total",55800,"Total FE and skills provision","19/20"
19,201920,"Leicester and Leicestershire","Apprenticeships: Total",2840,"Apprenticeships (all ages)","19/20"
19,201920,"Leicester and Leicestershire","Community learning: Total",6120,"Community learning (adults only)","19/20"
19,201920,"Leicester and Leicestershire","Education and training: Total",14400,"Education and training (adults only)","19/20"
19,201920,"Leicester and Leicestershire","Further education and skills: Total",23560,"Total FE and skills provision","19/20"
19,201920,"Liverpool City Region","Apprenticeships: Total",4710,"Apprenticeships (all ages)","19/20"
19,201920,"Liverpool City Region","Community learning: Total",13260,"Community learning (adults only)","19/20"
19,201920,"Liverpool City Region","Education and training: Total",23060,"Education and training (adults only)","19/20"
19,201920,"Liverpool City Region","Further education and skills: Total",38660,"Total FE and skills provision","19/20"
19,201920,"London","Apprenticeships: Total",12850,"Apprenticeships (all ages)","19/20"
19,201920,"London","Community learning: Total",73260,"Community learning (adults only)","19/20"
19,201920,"London","Education and training: Total",134590,"Education and training (adults only)","19/20"
19,201920,"London","Further education and skills: Total",217030,"Total FE and skills provision","19/20"
19,201920,"New Anglia","Apprenticeships: Total",4260,"Apprenticeships (all ages)","19/20"
19,201920,"New Anglia","Community learning: Total",7030,"Community learning (adults only)","19/20"
19,201920,"New Anglia","Education and training: Total",12590,"Education and training (adults only)","19/20"
19,201920,"New Anglia","Further education and skills: Total",24640,"Total FE and skills provision","19/20"
19,201920,"North East","Apprenticeships: Total",6890,"Apprenticeships (all ages)","19/20"
19,201920,"North East","Community learning: Total",11610,"Community learning (adults only)","19/20"
19,201920,"North East","Education and training: Total",38130,"Education and training (adults only)","19/20"
19,201920,"North East","Further education and skills: Total",55190,"Total FE and skills provision","19/20"
19,201920,"Oxfordshire","Apprenticeships: Total",1320,"Apprenticeships (all ages)","19/20"
19,201920,"Oxfordshire","Community learning: Total",3510,"Community learning (adults only)","19/20"
19,201920,"Oxfordshire","Education and training: Total",4820,"Education and training (adults only)","19/20"
19,201920,"Oxfordshire","Further education and skills: Total",9680,"Total FE and skills provision","19/20"
19,201920,"Sheffield City Region","Apprenticeships: Total",3900,"Apprenticeships (all ages)","19/20"
19,201920,"Sheffield City Region","Community learning: Total",7220,"Community learning (adults only)","19/20"
19,201920,"Sheffield City Region","Education and training: Total",19330,"Education and training (adults only)","19/20"
19,201920,"Sheffield City Region","Further education and skills: Total",30960,"Total FE and skills provision","19/20"
19,201920,"Solent","Apprenticeships: Total",4580,"Apprenticeships (all ages)","19/20"
19,201920,"Solent","Community learning: Total",6050,"Community learning (adults only)","19/20"
19,201920,"Solent","Education and training: Total",12540,"Education and training (adults only)","19/20"
19,201920,"Solent","Further education and skills: Total",24530,"Total FE and skills provision","19/20"
19,201920,"South East","Apprenticeships: Total",9720,"Apprenticeships (all ages)","19/20"
19,201920,"South East","Community learning: Total",25760,"Community learning (adults only)","19/20"
19,201920,"South East","Education and training: Total",35240,"Education and training (adults only)","19/20"
19,201920,"South East","Further education and skills: Total",72130,"Total FE and skills provision","19/20"
19,201920,"South East Midlands","Apprenticeships: Total",4260,"Apprenticeships (all ages)","19/20"
19,201920,"South East Midlands","Community learning: Total",7300,"Community learning (adults only)","19/20"
19,201920,"South East Midlands","Education and training: Total",20310,"Education and training (adults only)","19/20"
19,201920,"South East Midlands","Further education and skills: Total",32530,"Total FE and skills provision","19/20"
19,201920,"Stoke-on-Trent and Staffordshire","Apprenticeships: Total",3480,"Apprenticeships (all ages)","19/20"
19,201920,"Stoke-on-Trent and Staffordshire","Community learning: Total",5380,"Community learning (adults only)","19/20"
19,201920,"Stoke-on-Trent and Staffordshire","Education and training: Total",11340,"Education and training (adults only)","19/20"
19,201920,"Stoke-on-Trent and Staffordshire","Further education and skills: Total",20060,"Total FE and skills provision","19/20"
19,201920,"Swindon and Wiltshire","Apprenticeships: Total",2860,"Apprenticeships (all ages)","19/20"
19,201920,"Swindon and Wiltshire","Community learning: Total",1220,"Community learning (adults only)","19/20"
19,201920,"Swindon and Wiltshire","Education and training: Total",6630,"Education and training (adults only)","19/20"
19,201920,"Swindon and Wiltshire","Further education and skills: Total",11690,"Total FE and skills provision","19/20"
19,201920,"Tees Valley","Apprenticeships: Total",2390,"Apprenticeships (all ages)","19/20"
19,201920,"Tees Valley","Community learning: Total",4700,"Community learning (adults only)","19/20"
19,201920,"Tees Valley","Education and training: Total",14980,"Education and training (adults only)","19/20"
19,201920,"Tees Valley","Further education and skills: Total",21530,"Total FE and skills provision","19/20"
19,201920,"Thames Valley Berkshire","Apprenticeships: Total",2010,"Apprenticeships (all ages)","19/20"
19,201920,"Thames Valley Berkshire","Community learning: Total",6600,"Community learning (adults only)","19/20"
19,201920,"Thames Valley Berkshire","Education and training: Total",7340,"Education and training (adults only)","19/20"
19,201920,"Thames Valley Berkshire","Further education and skills: Total",15950,"Total FE and skills provision","19/20"
19,201920,"The Marches","Apprenticeships: Total",2590,"Apprenticeships (all ages)","19/20"
19,201920,"The Marches","Community learning: Total",2470,"Community learning (adults only)","19/20"
19,201920,"The Marches","Education and training: Total",6230,"Education and training (adults only)","19/20"
19,201920,"The Marches","Further education and skills: Total",11920,"Total FE and skills provision","19/20"
19,201920,"West of England","Apprenticeships: Total",2860,"Apprenticeships (all ages)","19/20"
19,201920,"West of England","Community learning: Total",3500,"Community learning (adults only)","19/20"
19,201920,"West of England","Education and training: Total",10560,"Education and training (adults only)","19/20"
19,201920,"West of England","Further education and skills: Total",17520,"Total FE and skills provision","19/20"
19,201920,"Worcestershire","Apprenticeships: Total",1640,"Apprenticeships (all ages)","19/20"
19,201920,"Worcestershire","Community learning: Total",2250,"Community learning (adults only)","19/20"
19,201920,"Worcestershire","Education and training: Total",4360,"Education and training (adults only)","19/20"
19,201920,"Worcestershire","Further education and skills: Total",8530,"Total FE and skills provision","19/20"
19,201920,"York and North Yorkshire","Apprenticeships: Total",3270,"Apprenticeships (all ages)","19/20"
19,201920,"York and North Yorkshire","Community learning: Total",5320,"Community learning (adults only)","19/20"
19,201920,"York and North Yorkshire","Education and training: Total",8210,"Education and training (adults only)","19/20"
19,201920,"York and North Yorkshire","Further education and skills: Total",16590,"Total FE and skills provision","19/20"
19,201920,NA,"Apprenticeships: Total",294990,"Apprenticeships (all ages)","19/20"
19,201920,NA,"Community learning: Total",654530,"Community learning (adults only)","19/20"
19,201920,NA,"Education and training: Total",1349820,"Education and training (adults only)","19/20"
19,201920,NA,"Further education and skills: Total",2303080,"Total FE and skills provision","19/20"
20,202021,"Black Country","Apprenticeships: Total",3970,"Apprenticeships (all ages)","20/21"
20,202021,"Black Country","Community learning: Total",3960,"Community learning (adults only)","20/21"
20,202021,"Black Country","Education and training: Total",17680,"Education and training (adults only)","20/21"
20,202021,"Black Country","Further education and skills: Total",24810,"Total FE and skills provision","20/21"
20,202021,"Buckinghamshire","Apprenticeships: Total",1140,"Apprenticeships (all ages)","20/21"
20,202021,"Buckinghamshire","Community learning: Total",2140,"Community learning (adults only)","20/21"
20,202021,"Buckinghamshire","Education and training: Total",3880,"Education and training (adults only)","20/21"
20,202021,"Buckinghamshire","Further education and skills: Total",7200,"Total FE and skills provision","20/21"
20,202021,"Cheshire and Warrington","Apprenticeships: Total",2600,"Apprenticeships (all ages)","20/21"
20,202021,"Cheshire and Warrington","Community learning: Total",2470,"Community learning (adults only)","20/21"
20,202021,"Cheshire and Warrington","Education and training: Total",8210,"Education and training (adults only)","20/21"
20,202021,"Cheshire and Warrington","Further education and skills: Total",13150,"Total FE and skills provision","20/21"
20,202021,"Coast to Capital","Apprenticeships: Total",3460,"Apprenticeships (all ages)","20/21"
20,202021,"Coast to Capital","Community learning: Total",3990,"Community learning (adults only)","20/21"
20,202021,"Coast to Capital","Education and training: Total",12770,"Education and training (adults only)","20/21"
20,202021,"Coast to Capital","Further education and skills: Total",20560,"Total FE and skills provision","20/21"
20,202021,"Cornwall and Isles of Scilly","Apprenticeships: Total",1720,"Apprenticeships (all ages)","20/21"
20,202021,"Cornwall and Isles of Scilly","Community learning: Total",1940,"Community learning (adults only)","20/21"
20,202021,"Cornwall and Isles of Scilly","Education and training: Total",6340,"Education and training (adults only)","20/21"
20,202021,"Cornwall and Isles of Scilly","Further education and skills: Total",10150,"Total FE and skills provision","20/21"
20,202021,"Coventry and Warwickshire","Apprenticeships: Total",2650,"Apprenticeships (all ages)","20/21"
20,202021,"Coventry and Warwickshire","Community learning: Total",2140,"Community learning (adults only)","20/21"
20,202021,"Coventry and Warwickshire","Education and training: Total",9790,"Education and training (adults only)","20/21"
20,202021,"Coventry and Warwickshire","Further education and skills: Total",14920,"Total FE and skills provision","20/21"
20,202021,"Cumbria","Apprenticeships: Total",1880,"Apprenticeships (all ages)","20/21"
20,202021,"Cumbria","Community learning: Total",1240,"Community learning (adults only)","20/21"
20,202021,"Cumbria","Education and training: Total",4930,"Education and training (adults only)","20/21"
20,202021,"Cumbria","Further education and skills: Total",7970,"Total FE and skills provision","20/21"
20,202021,"Derby, Derbyshire, Nottingham and Nottinghamshire","Apprenticeships: Total",6730,"Apprenticeships (all ages)","20/21"
20,202021,"Derby, Derbyshire, Nottingham and Nottinghamshire","Community learning: Total",7380,"Community learning (adults only)","20/21"
20,202021,"Derby, Derbyshire, Nottingham and Nottinghamshire","Education and training: Total",27310,"Education and training (adults only)","20/21"
20,202021,"Derby, Derbyshire, Nottingham and Nottinghamshire","Further education and skills: Total",41150,"Total FE and skills provision","20/21"
20,202021,"Dorset","Apprenticeships: Total",3020,"Apprenticeships (all ages)","20/21"
20,202021,"Dorset","Community learning: Total",1400,"Community learning (adults only)","20/21"
20,202021,"Dorset","Education and training: Total",6870,"Education and training (adults only)","20/21"
20,202021,"Dorset","Further education and skills: Total",11450,"Total FE and skills provision","20/21"
20,202021,"Enterprise M3","Apprenticeships: Total",3670,"Apprenticeships (all ages)","20/21"
20,202021,"Enterprise M3","Community learning: Total",6950,"Community learning (adults only)","20/21"
20,202021,"Enterprise M3","Education and training: Total",10690,"Education and training (adults only)","20/21"
20,202021,"Enterprise M3","Further education and skills: Total",21800,"Total FE and skills provision","20/21"
20,202021,"Gloucestershire","Apprenticeships: Total",2020,"Apprenticeships (all ages)","20/21"
20,202021,"Gloucestershire","Community learning: Total",1750,"Community learning (adults only)","20/21"
20,202021,"Gloucestershire","Education and training: Total",5850,"Education and training (adults only)","20/21"
20,202021,"Gloucestershire","Further education and skills: Total",9560,"Total FE and skills provision","20/21"
20,202021,"Greater Birmingham and Solihull","Apprenticeships: Total",5320,"Apprenticeships (all ages)","20/21"
20,202021,"Greater Birmingham and Solihull","Community learning: Total",6410,"Community learning (adults only)","20/21"
20,202021,"Greater Birmingham and Solihull","Education and training: Total",28580,"Education and training (adults only)","20/21"
20,202021,"Greater Birmingham and Solihull","Further education and skills: Total",38740,"Total FE and skills provision","20/21"
20,202021,"Greater Cambridge and Greater Peterborough","Apprenticeships: Total",2090,"Apprenticeships (all ages)","20/21"
20,202021,"Greater Cambridge and Greater Peterborough","Community learning: Total",2870,"Community learning (adults only)","20/21"
20,202021,"Greater Cambridge and Greater Peterborough","Education and training: Total",6710,"Education and training (adults only)","20/21"
20,202021,"Greater Cambridge and Greater Peterborough","Further education and skills: Total",11540,"Total FE and skills provision","20/21"
20,202021,"Greater Lincolnshire","Apprenticeships: Total",3310,"Apprenticeships (all ages)","20/21"
20,202021,"Greater Lincolnshire","Community learning: Total",6300,"Community learning (adults only)","20/21"
20,202021,"Greater Lincolnshire","Education and training: Total",12990,"Education and training (adults only)","20/21"
20,202021,"Greater Lincolnshire","Further education and skills: Total",21870,"Total FE and skills provision","20/21"
20,202021,"Greater Manchester","Apprenticeships: Total",8710,"Apprenticeships (all ages)","20/21"
20,202021,"Greater Manchester","Community learning: Total",12960,"Community learning (adults only)","20/21"
20,202021,"Greater Manchester","Education and training: Total",38290,"Education and training (adults only)","20/21"
20,202021,"Greater Manchester","Further education and skills: Total",55830,"Total FE and skills provision","20/21"
20,202021,"Heart of the South West","Apprenticeships: Total",6050,"Apprenticeships (all ages)","20/21"
20,202021,"Heart of the South West","Community learning: Total",6940,"Community learning (adults only)","20/21"
20,202021,"Heart of the South West","Education and training: Total",20050,"Education and training (adults only)","20/21"
20,202021,"Heart of the South West","Further education and skills: Total",33140,"Total FE and skills provision","20/21"
20,202021,"Hertfordshire","Apprenticeships: Total",2540,"Apprenticeships (all ages)","20/21"
20,202021,"Hertfordshire","Community learning: Total",4710,"Community learning (adults only)","20/21"
20,202021,"Hertfordshire","Education and training: Total",8860,"Education and training (adults only)","20/21"
20,202021,"Hertfordshire","Further education and skills: Total",15890,"Total FE and skills provision","20/21"
20,202021,"Hull and East Yorkshire","Apprenticeships: Total",2900,"Apprenticeships (all ages)","20/21"
20,202021,"Hull and East Yorkshire","Community learning: Total",1420,"Community learning (adults only)","20/21"
20,202021,"Hull and East Yorkshire","Education and training: Total",7910,"Education and training (adults only)","20/21"
20,202021,"Hull and East Yorkshire","Further education and skills: Total",12260,"Total FE and skills provision","20/21"
20,202021,"Lancashire","Apprenticeships: Total",4860,"Apprenticeships (all ages)","20/21"
20,202021,"Lancashire","Community learning: Total",9590,"Community learning (adults only)","20/21"
20,202021,"Lancashire","Education and training: Total",19570,"Education and training (adults only)","20/21"
20,202021,"Lancashire","Further education and skills: Total",31920,"Total FE and skills provision","20/21"
20,202021,"Leeds City Region","Apprenticeships: Total",7330,"Apprenticeships (all ages)","20/21"
20,202021,"Leeds City Region","Community learning: Total",9040,"Community learning (adults only)","20/21"
20,202021,"Leeds City Region","Education and training: Total",33620,"Education and training (adults only)","20/21"
20,202021,"Leeds City Region","Further education and skills: Total",49190,"Total FE and skills provision","20/21"
20,202021,"Leicester and Leicestershire","Apprenticeships: Total",2880,"Apprenticeships (all ages)","20/21"
20,202021,"Leicester and Leicestershire","Community learning: Total",3220,"Community learning (adults only)","20/21"
20,202021,"Leicester and Leicestershire","Education and training: Total",13150,"Education and training (adults only)","20/21"
20,202021,"Leicester and Leicestershire","Further education and skills: Total",18960,"Total FE and skills provision","20/21"
20,202021,"Liverpool City Region","Apprenticeships: Total",4680,"Apprenticeships (all ages)","20/21"
20,202021,"Liverpool City Region","Community learning: Total",9840,"Community learning (adults only)","20/21"
20,202021,"Liverpool City Region","Education and training: Total",24080,"Education and training (adults only)","20/21"
20,202021,"Liverpool City Region","Further education and skills: Total",36280,"Total FE and skills provision","20/21"
20,202021,"London","Apprenticeships: Total",15280,"Apprenticeships (all ages)","20/21"
20,202021,"London","Community learning: Total",54410,"Community learning (adults only)","20/21"
20,202021,"London","Education and training: Total",140370,"Education and training (adults only)","20/21"
20,202021,"London","Further education and skills: Total",204320,"Total FE and skills provision","20/21"
20,202021,"New Anglia","Apprenticeships: Total",4530,"Apprenticeships (all ages)","20/21"
20,202021,"New Anglia","Community learning: Total",4700,"Community learning (adults only)","20/21"
20,202021,"New Anglia","Education and training: Total",14010,"Education and training (adults only)","20/21"
20,202021,"New Anglia","Further education and skills: Total",23560,"Total FE and skills provision","20/21"
20,202021,"North East","Apprenticeships: Total",6510,"Apprenticeships (all ages)","20/21"
20,202021,"North East","Community learning: Total",7860,"Community learning (adults only)","20/21"
20,202021,"North East","Education and training: Total",34630,"Education and training (adults only)","20/21"
20,202021,"North East","Further education and skills: Total",47120,"Total FE and skills provision","20/21"
20,202021,"Oxfordshire","Apprenticeships: Total",1590,"Apprenticeships (all ages)","20/21"
20,202021,"Oxfordshire","Community learning: Total",2620,"Community learning (adults only)","20/21"
20,202021,"Oxfordshire","Education and training: Total",5810,"Education and training (adults only)","20/21"
20,202021,"Oxfordshire","Further education and skills: Total",9870,"Total FE and skills provision","20/21"
20,202021,"Sheffield City Region","Apprenticeships: Total",4170,"Apprenticeships (all ages)","20/21"
20,202021,"Sheffield City Region","Community learning: Total",3060,"Community learning (adults only)","20/21"
20,202021,"Sheffield City Region","Education and training: Total",19550,"Education and training (adults only)","20/21"
20,202021,"Sheffield City Region","Further education and skills: Total",26660,"Total FE and skills provision","20/21"
20,202021,"Solent","Apprenticeships: Total",4650,"Apprenticeships (all ages)","20/21"
20,202021,"Solent","Community learning: Total",4060,"Community learning (adults only)","20/21"
20,202021,"Solent","Education and training: Total",12600,"Education and training (adults only)","20/21"
20,202021,"Solent","Further education and skills: Total",22000,"Total FE and skills provision","20/21"
20,202021,"South East","Apprenticeships: Total",10690,"Apprenticeships (all ages)","20/21"
20,202021,"South East","Community learning: Total",15140,"Community learning (adults only)","20/21"
20,202021,"South East","Education and training: Total",34910,"Education and training (adults only)","20/21"
20,202021,"South East","Further education and skills: Total",60560,"Total FE and skills provision","20/21"
20,202021,"South East Midlands","Apprenticeships: Total",4600,"Apprenticeships (all ages)","20/21"
20,202021,"South East Midlands","Community learning: Total",4210,"Community learning (adults only)","20/21"
20,202021,"South East Midlands","Education and training: Total",19850,"Education and training (adults only)","20/21"
20,202021,"South East Midlands","Further education and skills: Total",28800,"Total FE and skills provision","20/21"
20,202021,"Stoke-on-Trent and Staffordshire","Apprenticeships: Total",3540,"Apprenticeships (all ages)","20/21"
20,202021,"Stoke-on-Trent and Staffordshire","Community learning: Total",3610,"Community learning (adults only)","20/21"
20,202021,"Stoke-on-Trent and Staffordshire","Education and training: Total",12260,"Education and training (adults only)","20/21"
20,202021,"Stoke-on-Trent and Staffordshire","Further education and skills: Total",19180,"Total FE and skills provision","20/21"
20,202021,"Swindon and Wiltshire","Apprenticeships: Total",2940,"Apprenticeships (all ages)","20/21"
20,202021,"Swindon and Wiltshire","Community learning: Total",930,"Community learning (adults only)","20/21"
20,202021,"Swindon and Wiltshire","Education and training: Total",6180,"Education and training (adults only)","20/21"
20,202021,"Swindon and Wiltshire","Further education and skills: Total",10630,"Total FE and skills provision","20/21"
20,202021,"Tees Valley","Apprenticeships: Total",2530,"Apprenticeships (all ages)","20/21"
20,202021,"Tees Valley","Community learning: Total",4800,"Community learning (adults only)","20/21"
20,202021,"Tees Valley","Education and training: Total",16240,"Education and training (adults only)","20/21"
20,202021,"Tees Valley","Further education and skills: Total",21980,"Total FE and skills provision","20/21"
20,202021,"Thames Valley Berkshire","Apprenticeships: Total",2270,"Apprenticeships (all ages)","20/21"
20,202021,"Thames Valley Berkshire","Community learning: Total",4200,"Community learning (adults only)","20/21"
20,202021,"Thames Valley Berkshire","Education and training: Total",7650,"Education and training (adults only)","20/21"
20,202021,"Thames Valley Berkshire","Further education and skills: Total",14110,"Total FE and skills provision","20/21"
20,202021,"The Marches","Apprenticeships: Total",2380,"Apprenticeships (all ages)","20/21"
20,202021,"The Marches","Community learning: Total",1300,"Community learning (adults only)","20/21"
20,202021,"The Marches","Education and training: Total",5830,"Education and training (adults only)","20/21"
20,202021,"The Marches","Further education and skills: Total",10090,"Total FE and skills provision","20/21"
20,202021,"West of England","Apprenticeships: Total",3270,"Apprenticeships (all ages)","20/21"
20,202021,"West of England","Community learning: Total",3700,"Community learning (adults only)","20/21"
20,202021,"West of England","Education and training: Total",11350,"Education and training (adults only)","20/21"
20,202021,"West of England","Further education and skills: Total",18020,"Total FE and skills provision","20/21"
20,202021,"Worcestershire","Apprenticeships: Total",1550,"Apprenticeships (all ages)","20/21"
20,202021,"Worcestershire","Community learning: Total",940,"Community learning (adults only)","20/21"
20,202021,"Worcestershire","Education and training: Total",4540,"Education and training (adults only)","20/21"
20,202021,"Worcestershire","Further education and skills: Total",7240,"Total FE and skills provision","20/21"
20,202021,"York and North Yorkshire","Apprenticeships: Total",3450,"Apprenticeships (all ages)","20/21"
20,202021,"York and North Yorkshire","Community learning: Total",3710,"Community learning (adults only)","20/21"
20,202021,"York and North Yorkshire","Education and training: Total",8740,"Education and training (adults only)","20/21"
20,202021,"York and North Yorkshire","Further education and skills: Total",15570,"Total FE and skills provision","20/21"
20,202021,NA,"Apprenticeships: Total",314340,"Apprenticeships (all ages)","20/21"
20,202021,NA,"Community learning: Total",453800,"Community learning (adults only)","20/21"
20,202021,NA,"Education and training: Total",1356960,"Education and training (adults only)","20/21"
20,202021,NA,"Further education and skills: Total",2085350,"Total FE and skills provision","20/21"
