"year","area","geographic_level","  corporate managers and directors  ","  other managers and proprietors  ","  science research engineering and technology professionals  ","  health professionals  ","  teaching and other educational professionals  ","  business media and public service professionals  ","  science engineering and technology associate professionals  ","  health and social care associate professionals  ","  protective service occupations  ","  culture media and sports occupations  ","  business and public service associate professionals  ","  administrative occupations  ","  secretarial and related occupations  ","  skilled agricultural and related trades  ","  skilled metal electrical and electronic trades  ","  skilled construction and building trades  ","  textiles printing and other skilled trades  ","  caring personal service occupations  ","  leisure travel and related personal service occupations  ","  community and civil enforcement occupations  ","  sales occupations  ","  customer service occupations  ","  process plant and machine operatives  ","  transport and mobile machine drivers and operatives  ","  elementary trades and related occupations  ","  elementary administration and service occupations  "
2022,"England","COUNTRY","2024800","905400","2262900","1237600","1424100","2266000","556900","768400","294700","596200","1940400","2348800","454900","244900","834300","754500","489600","1606300","511000","5946200","1328600","432300","610800","929200","511200","2114300"
2022,"Darlington","LADU","3100","1300","2800","1900","1800","3600","1200","1100","800","900","2700","5100","low","low","800","1600","c","4100","1400","14100","3100","1000","1700","1900","800","5400"
2022,"County Durham","LADU","12300","9200","11900","6300","12600","10700","5600","6000","2200","3600","15300","21200","2800","3400","13100","11700","4400","16700","3300","68500","12500","4900","13100","8300","12300","15700"
2022,"Hartlepool","LADU","1900","800","2000","1600","1400","1400","1600","1100","700","600","2000","4100","500","c","2700","900","low","2700","low","12700","2000","1100","1600","1700","1600","4500"
2022,"Middlesbrough","LADU","1600","900","2100","2600","3800","2000","700","2800","1000","600","2500","3600","900","600","2900","1800","1200","5300","1400","19200","3600","700","2900","3500","1600","6900"
2022,"Northumberland","LADU","10100","5000","8500","6800","5600","7300","5100","4900","2400","2500","5300","12000","2100","3900","4600","4600","2400","6500","2100","34200","9100","700","3700","4300","4500","11700"
2022,"Redcar and Cleveland","LADU","1500","1300","2000","2300","2300","2900","1500","1600","700","1000","2900","4800","900","1200","2400","2100","800","5100","900","15400","2100","1300","1700","2400","900","6900"
2022,"Stockton-on-Tees","LADU","3900","2800","3500","3700","3900","4400","3400","2200","700","900","5400","6300","600","800","4400","2100","1700","6800","3800","25600","4500","5200","3400","2500","2100","7900"
2022,"Gateshead","LADU","4800","3900","8200","6100","3700","6000","2200","3200","low","800","6900","12100","1600","c","2600","2200","c","6100","2200","20900","5700","3800","2000","1800","2100","5500"
2022,"Newcastle upon Tyne","LADU","8000","2800","9600","11300","10600","11100","3500","2000","c","2500","8000","10700","1300","900","2500","3100","3400","8900","1400","39400","8100","3700","1300","7500","5500","13300"
2022,"North Tyneside","LADU","5800","2100","8200","5100","8500","6400","2200","4600","1300","800","7800","10500","1400","c","2900","2700","1300","6600","1200","16200","2600","1800","1800","2400","1200","5800"
2022,"South Tyneside","LADU","3200","800","3400","4200","1900","2500","2500","1300","500","1100","4300","7000","1000","c","3300","600","1200","4000","600","20900","5100","1800","4400","1300","1400","7000"
2022,"Sunderland","LADU","8200","3000","5700","3700","3800","8200","900","5000","1400","1300","5900","11900","3300","c","5900","4000","2900","7900","2800","39200","10300","3800","6000","5100","2800","11100"
2022,"Blackburn with Darwen","LADU","2000","1600","2600","2900","3800","3100","1500","2900","c","low","3000","4400","1400","c","1300","1600","1100","4500","1200","20800","3800","1400","3700","3700","2200","5900"
2022,"Blackpool","LADU","2900","1400","2400","2100","2500","3500","1700","3300","700","low","3500","6800","500","c","1000","2400","900","5900","1100","16700","4400","1200","1000","1900","1500","6600"
2022,"Cheshire East","LADU","19300","7200","15900","6600","9100","17000","3000","3800","c","2900","13700","14100","c","2100","5400","1900","1400","11900","3500","31400","7100","1700","7300","4500","2900","7900"
2022,"Cheshire West and Chester","LADU","12500","3900","12900","5700","7500","10800","5400","5500","c","3100","11500","18100","3600","1800","4100","3900","3800","11900","2700","28000","6000","1500","2700","5200","1300","10800"
2022,"Halton","LADU","3300","2100","3700","2200","3400","2700","1900","2500","low","c","4600","5700","1500","600","2800","1700","600","2800","1700","18400","3200","3300","3100","2600","1000","5100"
2022,"Warrington","LADU","6500","1500","12400","3800","4900","7300","1800","3400","2200","c","6700","8100","1600","c","3200","1400","1600","7300","3500","28000","6200","2500","4000","2100","2200","11000"
2022,"Allerdale","LADU","2600","2500","3000","3200","2200","2000","c","2000","c","c","4500","4100","1200","c","2100","1300","800","1100","1300","11300","4000","c","1300","1400","c","3200"
2022,"Barrow-in-Furness","LADU","c","c","1200","1700","1300","c","2100","800","800","c","c","900","c","c","3100","1000","c","4000","500","7300","2500","c","c","1400","1400","1500"
2022,"Carlisle","LADU","3400","1300","3400","1800","4600","3100","1600","1200","c","1300","1700","5600","1300","1900","900","c","c","2700","c","19900","4300","1700","4100","3400","1300","5100"
2022,"Copeland","LADU","1200","2900","1100","1100","700","1100","1700","1400","2000","c","c","2200","c","c","1400","c","c","1600","c","9600","3800","c","1300","1300","600","2500"
2022,"Eden","LADU","2900","1300","1100","c","c","c","c","c","c","c","1500","2200","c","2200","c","1400","1200","1200","c","6700","1500","c","1500","c","1500","1500"
2022,"South Lakeland","LADU","1600","3300","6400","3400","1300","4100","1200","c","c","c","2200","5100","c","600","1600","1200","c","3600","c","12500","7100","c","c","c","700","3700"
2022,"Bolton","LADU","6100","3200","6500","4500","8900","6400","3000","4300","1300","2300","4700","11600","900","c","4000","4500","1400","10500","2400","37300","8100","3600","4600","4300","4900","11800"
2022,"Bury","LADU","4100","4300","7100","5300","6800","6800","2100","2700","c","1800","6900","6800","1600","900","2500","2300","1800","4900","2300","21200","5100","700","500","2300","2300","10200"
2022,"Manchester","LADU","12200","3300","36700","24600","16200","20200","7800","11200","c","4300","22100","18700","3700","c","2300","5200","2200","10200","6000","60900","13100","2900","2100","10100","5600","27200"
2022,"Oldham","LADU","4400","4400","5500","1100","3700","5400","2600","4700","c","1500","8000","8900","2600","c","4400","4300","2800","10100","2800","27100","5800","3300","2800","3900","2000","9300"
2022,"Rochdale","LADU","4900","2700","5100","1900","4200","3000","3000","4100","800","2000","5300","8100","3000","1700","2300","2100","2500","7000","1000","26000","5300","500","2900","4700","1500","11000"
2022,"Salford","LADU","4600","1700","9600","6600","3700","11400","2900","2900","c","3200","11800","15600","2100","c","1100","2100","3700","5000","3300","24600","7000","c","c","5300","2600","7400"
2022,"Stockport","LADU","10200","6900","11100","8900","8100","14400","3100","4200","c","3500","9400","14900","2800","c","2700","2100","1600","5800","c","30700","9500","1900","2200","2300","700","13400"
2022,"Tameside","LADU","6100","2800","4600","2500","5400","6600","2500","4000","c","1300","7000","10800","1200","900","5700","3600","3000","6000","2800","29800","6200","3300","4000","5900","1800","8600"
2022,"Trafford","LADU","10300","3900","9400","9200","9300","14300","2200","3800","c","1100","10600","10100","1200","c","1800","1000","1800","3300","1300","14600","5300","c","700","1200","c","6300"
2022,"Wigan","LADU","10300","6800","10600","6400","6600","9000","2000","7700","1700","2600","11900","13300","2400","c","3000","6500","1800","11600","2300","43500","10200","2500","3400","9900","2700","14800"
2022,"Burnley","LADU","c","2500","3300","c","c","c","c","1700","c","c","2900","5500","c","c","1700","1800","c","3300","1300","5700","c","c","c","c","c","1600"
2022,"Chorley","LADU","1700","2700","2900","3100","1400","4200","2400","2200","c","c","3000","4300","c","1200","2900","1600","c","6600","c","13300","2500","2900","2500","2600","c","2300"
2022,"Fylde","LADU","2500","2600","3200","2100","1100","3800","c","1000","c","c","4000","2300","c","c","c","c","c","c","c","5800","2700","c","c","c","1000","1500"
2022,"Hyndburn","LADU","3000","c","c","c","c","c","c","2400","c","c","1300","2700","c","c","2900","c","2000","3000","c","12700","3600","c","1600","c","1900","3800"
2022,"Lancaster","LADU","2200","3400","2800","3400","4400","2500","1100","1900","c","1400","c","4900","800","1700","1700","3100","1700","5800","c","19200","2000","c","c","2100","6400","7100"
2022,"Pendle","LADU","2400","c","1500","c","c","1500","c","c","1200","c","2000","4600","c","c","2800","c","c","2000","c","12600","1500","2400","2300","1300","2400","2600"
2022,"Preston","LADU","2300","c","7100","2700","3500","5200","c","2100","c","c","3600","8900","c","c","1700","c","c","1800","c","17500","5100","c","2400","2300","3100","4200"
2022,"Ribble Valley","LADU","2300","c","c","1400","1500","3300","1300","c","c","c","1400","3100","c","c","2100","c","c","1200","c","7600","c","c","c","c","c","4100"
2022,"Rossendale","LADU","2500","c","2600","2100","2100","1900","c","1700","c","c","c","c","c","c","2400","c","c","3600","c","9200","3800","c","c","c","1800","2500"
2022,"South Ribble","LADU","1300","4300","3600","2400","2700","4300","1700","2200","c","c","4300","5600","1900","c","2100","1100","c","2100","c","14400","2200","1800","2100","2100","c","6200"
2022,"West Lancashire","LADU","3300","2700","2500","4200","3100","2700","c","c","c","1300","2900","6100","c","c","1500","2300","c","1600","1900","12600","3700","c","c","3600","c","3800"
2022,"Wyre","LADU","4100","1600","2600","2400","2300","4000","c","1700","c","c","4100","4000","1100","c","c","2500","c","4100","1200","6400","1800","1100","c","c","c","1400"
2022,"Knowsley","LADU","2700","900","3200","3200","600","4600","c","2900","1000","1500","4200","8400","1100","c","4700","2900","1200","6300","1400","21700","4500","2100","1400","2000","1300","10100"
2022,"Liverpool","LADU","14200","8400","18700","15100","17200","17900","3600","8900","c","4300","19300","30100","6600","c","6600","3100","6300","14200","2300","53700","5400","3800","8100","12200","3500","19800"
2022,"Sefton","LADU","7200","4800","8500","8200","7800","8800","c","3900","3200","c","8700","14400","2000","1000","1900","1200","1100","8000","2400","31600","7900","3800","1600","5300","3300","9700"
2022,"St. Helens","LADU","4100","1800","7200","3800","4600","4400","2800","3300","1700","2100","5600","8900","1500","700","2600","2400","1600","5700","1200","19800","3900","1700","2100","4500","1700","5900"
2022,"Wirral","LADU","8000","4700","8100","6600","6000","14200","3900","6800","2200","2500","10300","15100","1300","c","6500","3200","3500","9200","4100","24100","5900","1200","c","4200","3500","8300"
2022,"East Riding of Yorkshire","LADU","10800","4700","9300","7100","6600","9200","3800","4900","2500","1700","9600","12000","2400","2000","7700","6100","2600","9700","2700","41700","8400","2600","2700","6400","4600","16900"
2022,"Kingston upon Hull, City of","LADU","8600","3100","5900","5400","6200","4100","2500","6000","1200","1000","6000","10800","2800","1600","3300","4000","2500","10000","2100","35500","4800","2800","7700","3600","5400","11200"
2022,"North East Lincolnshire","LADU","2200","1700","2300","3300","2800","1500","1800","2100","c","c","3200","5800","1500","c","3200","3200","2600","4400","600","28200","4500","c","4400","5300","4000","9800"
2022,"North Lincolnshire","LADU","6300","2200","4400","3600","1700","4000","1800","2500","1200","800","4300","6800","2200","1000","5300","2500","1900","6900","1500","22200","4200","1500","3700","3600","1700","7400"
2022,"York","LADU","9200","4400","12600","6100","9400","10000","3000","2100","1300","2900","7700","8100","800","c","2400","1200","1900","4300","1800","23800","5600","3100","1100","2200","2800","8900"
2022,"Craven","LADU","1700","700","1500","2500","800","3700","c","1000","c","1300","1900","1100","c","c","c","1100","c","1000","c","2800","1700","c","c","600","c","c"
2022,"Hambleton","LADU","3900","1300","2200","4900","2000","1500","1100","c","c","c","3500","4600","c","1900","1400","1900","1700","3400","1200","8200","2500","c","c","1900","c","1900"
2022,"Harrogate","LADU","6400","4900","7300","2600","6000","8000","1100","1300","c","2600","5100","7900","1400","2400","1500","4700","c","6000","900","7700","1800","c","c","1000","c","3300"
2022,"Richmondshire","LADU","c","1800","2400","c","c","c","c","c","1900","c","1500","1800","c","1800","c","1600","c","c","1500","8200","1800","c","c","1700","c","3800"
2022,"Ryedale","LADU","1500","c","1200","c","2200","700","c","c","c","c","1300","800","c","2300","2300","c","800","1300","900","6200","1200","c","c","1700","c","2500"
2022,"Scarborough","LADU","2000","2200","2200","1100","1400","2000","1000","2800","c","c","2400","2200","c","c","2800","c","2400","3000","1600","14900","3700","c","1800","1600","3700","4100"
2022,"Selby","LADU","5800","c","4300","4200","1800","2700","c","2100","1700","c","2700","4800","2000","c","c","c","c","1500","c","4800","c","c","c","1700","c","c"
2022,"Barnsley","LADU","5000","4100","3400","3400","4100","4700","1600","1800","900","c","5400","8900","2400","900","6400","6000","1500","11300","1800","35800","7000","2600","4200","4800","3700","13400"
2022,"Doncaster","LADU","6100","6800","6500","3300","4300","5900","3200","3400","1400","1900","7800","10900","2500","c","6600","2500","3600","12900","1100","43400","10000","2500","4800","6900","3300","16000"
2022,"Rotherham","LADU","6200","5600","4900","6400","6700","6100","2700","3700","1100","1800","8600","9600","2100","900","3000","3800","800","7300","600","39000","7900","3700","8000","5100","2400","11500"
2022,"Sheffield","LADU","16200","8800","30500","17800","18000","26100","2400","8100","4500","5000","23300","19800","5300","c","13500","5500","4600","17100","4200","68300","13300","7100","7200","11200","1600","27900"
2022,"Bradford","LADU","12800","4900","17900","12400","17600","16900","4500","10700","1400","3400","16900","17100","4500","c","11800","6800","7100","9300","3500","61400","8600","3700","8600","10800","9400","20400"
2022,"Calderdale","LADU","6500","3200","8300","5500","5800","9800","2900","2900","1000","1600","7400","9100","1500","800","2000","3400","2300","4900","3000","18100","5000","1200","2100","2100","1300","6300"
2022,"Kirklees","LADU","12900","7800","14100","9200","8300","6700","2500","3200","1600","3600","12100","16500","2300","900","8800","8100","5800","14200","7200","60800","8600","5100","11900","9400","5100","20600"
2022,"Leeds","LADU","19800","13300","38600","19100","20600","38900","6500","15400","4600","11500","29800","35300","4600","6200","6800","12300","5200","21100","4800","78900","18900","9200","5600","13700","4300","27200"
2022,"Wakefield","LADU","7800","5700","6800","4900","5600","6300","2300","4500","3800","2000","9100","15300","2300","1100","8700","4300","4700","8100","2700","54700","10400","4800","7100","9100","3600","19400"
2022,"Derby","LADU","6700","3700","11300","4800","6400","5600","2000","3100","800","1300","8300","10000","500","800","5100","2000","2200","9000","2100","34000","5700","4200","2500","5200","2900","13500"
2022,"Leicester","LADU","5100","2000","12000","6300","9000","4600","5100","7100","c","2500","6900","9800","800","c","3000","4400","1900","15800","2400","60500","9400","4900","16600","5000","6800","17800"
2022,"Nottingham","LADU","6600","6700","14700","11200","10000","6900","2900","3300","c","3900","6900","15500","2700","c","3400","5700","3900","16600","4400","37500","4600","500","4000","7700","1900","18200"
2022,"Rutland","LADU","1800","low","1500","900","1200","1300","c","low","c","low","1500","1300","c","low","low","c","1700","800","c","2200","low","c","low","low","500","700"
2022,"Amber Valley","LADU","7700","1300","3300","1300","1700","1900","800","2400","800","c","4700","8300","2100","1500","4200","c","c","4400","c","13600","1500","c","c","3400","c","6500"
2022,"Bolsover","LADU","5000","c","c","4000","2700","c","c","c","c","c","c","2500","c","c","c","c","c","4300","c","6600","c","c","2800","c","c","c"
2022,"Chesterfield","LADU","3500","c","3500","c","2300","1900","1300","c","c","c","6800","4700","c","c","4300","2300","c","4000","c","12800","2700","2500","2200","1000","2100","2300"
2022,"Derbyshire Dales","LADU","1700","800","2800","3200","1700","2700","c","1200","c","c","1300","2200","c","1300","c","c","c","2100","c","6700","1100","c","c","1400","1400","2800"
2022,"Erewash","LADU","5400","2800","3300","2700","c","3000","1600","3400","c","c","3500","3400","c","c","2900","2900","c","5200","1800","10700","2100","2500","1000","1500","c","3700"
2022,"High Peak","LADU","2500","2500","5700","2700","2100","6300","c","1600","c","c","1500","5700","c","c","1900","c","c","3100","c","12100","4300","c","1600","1200","c","3800"
2022,"North East Derbyshire","LADU","2800","c","4400","2800","c","1800","c","c","c","c","1800","7300","c","c","c","1400","c","4600","1800","12900","1300","c","2800","2900","c","4500"
2022,"South Derbyshire","LADU","3600","2100","2000","1100","5300","2800","c","1200","c","c","4100","2700","700","c","2300","1500","c","4900","1000","13000","1800","c","1300","2900","2200","4800"
2022,"Blaby","LADU","4600","1000","4600","c","2900","4000","1900","2500","c","c","4100","6100","1900","c","c","3300","c","3700","c","9100","1600","c","c","1200","c","5400"
2022,"Charnwood","LADU","7100","2700","12800","2600","7100","3000","3100","3100","c","c","9600","9600","1300","c","3700","3300","c","7800","2600","16900","4600","c","2200","3600","1600","4900"
2022,"Harborough","LADU","5200","2200","2500","2200","3900","4100","c","c","c","1600","3400","5200","c","c","1500","1200","c","1800","c","8000","c","c","1100","c","c","4400"
2022,"Hinckley and Bosworth","LADU","1400","1800","7000","1600","2400","4900","c","c","c","c","4300","2800","c","c","5800","2700","c","2500","1200","13500","2800","1200","1600","1900","c","6000"
2022,"Melton","LADU","2600","c","1100","c","c","1100","c","c","c","1000","1300","c","c","c","2000","c","c","2200","c","6700","2000","c","c","c","c","2400"
2022,"North West Leicestershire","LADU","4300","1900","1700","c","5900","3300","c","c","c","c","5800","4400","c","c","5000","c","1800","1600","c","11600","4000","1400","1400","c","c","3800"
2022,"Oadby and Wigston","LADU","4000","c","c","c","3100","3500","c","c","c","c","c","2300","c","c","c","c","c","2800","c","2900","1600","c","c","c","c","c"
2022,"Boston","LADU","c","c","c","c","c","c","c","c","c","c","c","2700","c","c","c","c","4100","1500","c","9700","c","c","2200","c","c","2600"
2022,"East Lindsey","LADU","2500","1300","2200","c","c","c","c","3500","c","1200","2600","4100","1400","c","c","1800","3100","2400","c","14800","2400","c","c","3500","1900","4900"
2022,"Lincoln","LADU","1200","1900","2000","1100","c","2600","c","1900","c","c","2900","3900","c","c","1400","1600","c","6300","c","18400","3100","c","c","3200","2000","7100"
2022,"North Kesteven","LADU","3300","1100","4300","1900","3800","3200","c","c","c","c","3000","6200","c","c","c","3100","c","3300","c","17300","6200","c","c","2600","c","7500"
2022,"South Holland","LADU","1700","3000","4200","2300","c","c","2600","2100","1200","1200","3200","1700","c","c","c","c","c","2600","1900","12300","1500","c","2500","1900","2200","3800"
2022,"South Kesteven","LADU","5900","c","3400","3900","6800","4400","2200","1100","c","2300","2300","5900","1400","c","3000","1300","1500","4000","c","16300","4500","1600","c","2000","2800","3800"
2022,"West Lindsey","LADU","5800","c","1900","2000","3900","1200","c","3300","c","2800","1900","c","c","c","2800","c","c","3400","c","11300","2300","c","1900","1500","c","3400"
2022,"Ashfield","LADU","4500","2000","2800","4000","2500","5400","c","c","2100","1300","4100","6100","c","c","c","1400","1300","2400","c","21100","3100","3100","2800","3100","c","8300"
2022,"Bassetlaw","LADU","2300","c","6300","1800","2100","1200","c","1700","2300","c","3700","6100","c","c","1200","c","3000","c","1800","13600","3900","c","1600","2400","c","2500"
2022,"Broxtowe","LADU","3800","700","4500","2100","4500","3600","c","1500","c","c","2400","5500","c","c","c","3800","1700","4200","c","11500","1000","c","2100","c","c","7300"
2022,"Gedling","LADU","3700","2400","3400","4400","6200","4200","3500","2000","1200","c","3800","4400","1100","c","2600","1500","1300","1800","700","7500","2500","c","1400","c","c","1200"
2022,"Mansfield","LADU","2000","c","3200","2700","1400","4300","2000","2200","c","c","c","1400","c","c","3700","1100","c","3000","c","15500","5100","c","c","3300","2200","2700"
2022,"Newark and Sherwood","LADU","5500","1100","2900","2300","2600","4200","3700","1900","c","c","c","2500","c","c","3000","c","c","3200","c","19500","3600","c","c","4400","c","8000"
2022,"Rushcliffe","LADU","9200","1500","4900","3900","5300","6500","2400","2000","c","c","4600","5300","1500","c","1500","1300","c","1200","1000","8500","1500","c","c","c","c","4700"
2022,"North Northamptonshire","LADU","8100","6800","8800","4500","6300","8100","3000","3900","8000","c","8300","11000","1800","c","7200","4200","4100","9600","3200","54400","11900","4200","5700","8800","5700","18200"
2022,"West Northamptonshire","LADU","14900","7100","14300","4800","9900","13900","3000","5100","2400","2100","17500","21200","1700","2900","7300","5800","3700","8700","3000","53700","10500","3400","9000","10000","2100","18700"
2022,"Herefordshire, County of","LADU","7500","4700","5900","3500","4000","3400","1500","1200","1300","2000","6900","8500","1800","3700","2900","2700","1600","6400","1600","24100","5200","800","2000","3200","3900","8900"
2022,"Shropshire","LADU","12600","5200","11200","9200","11200","8300","2100","2500","c","2900","7700","9600","3700","5500","5100","4400","3300","7700","1300","31500","6700","800","5500","5200","5400","8000"
2022,"Stoke-on-Trent","LADU","7200","2800","5200","3100","4700","6700","2700","2100","3800","3200","7200","7400","1700","c","3800","4600","4200","11200","2400","43500","6800","4700","8400","6200","4400","12700"
2022,"Telford and Wrekin","LADU","4200","3200","9000","3100","4000","5600","3200","2400","c","900","7200","5800","1300","900","2500","1700","1000","5200","2100","21900","3100","2000","3300","3300","2900","7400"
2022,"Cannock Chase","LADU","900","2200","3400","3500","2400","3200","c","c","c","1900","2800","4800","c","c","1800","c","2300","1600","c","14300","4000","c","2800","1800","c","4500"
2022,"East Staffordshire","LADU","7000","c","1000","3000","3500","900","c","c","c","c","1300","3100","c","1800","2900","1500","c","c","c","24600","6300","c","3800","2100","c","10700"
2022,"Lichfield","LADU","3900","2900","4400","3200","3300","6800","c","c","c","c","3100","4000","c","c","c","c","c","1400","c","7300","2300","c","c","c","c","2600"
2022,"Newcastle-under-Lyme","LADU","2300","1900","3100","3800","6100","1600","c","3400","c","c","900","6400","c","c","2600","1700","c","7300","c","21300","3000","c","c","5800","c","8900"
2022,"South Staffordshire","LADU","5600","1600","4400","1900","4200","3800","c","1900","c","c","3500","11200","c","c","2600","3700","1800","2800","c","8600","3000","c","c","c","c","3800"
2022,"Stafford","LADU","7300","3600","3900","4500","2800","6400","1300","1400","c","c","4300","5900","c","1100","2200","1100","c","5700","c","13900","2600","c","c","1400","2200","6700"
2022,"Staffordshire Moorlands","LADU","5400","2300","2900","2800","3100","1400","2000","900","c","c","1300","4400","1500","c","2700","1300","2300","c","c","12600","4400","c","c","1800","900","4300"
2022,"Tamworth","LADU","c","3000","3000","c","1900","1500","1500","c","c","c","2300","2800","c","c","3200","c","c","1100","c","13400","1400","2600","5200","1200","c","2500"
2022,"North Warwickshire","LADU","1300","800","900","2000","2200","2800","c","c","c","1100","1000","1500","c","c","c","c","c","2400","c","8900","1200","c","c","1900","c","4800"
2022,"Nuneaton and Bedworth","LADU","1800","1900","3900","1500","3800","3500","1100","1400","c","1100","7600","7600","c","c","2600","c","c","5400","1300","17700","2800","2100","2500","3800","1200","5300"
2022,"Rugby","LADU","3200","1600","5000","c","4100","4200","2600","1200","c","c","6700","3500","1200","c","3800","c","c","1600","c","15200","1500","c","2200","4000","c","6100"
2022,"Stratford-on-Avon","LADU","4100","2400","7400","2100","4900","3900","c","1400","c","3400","8000","5200","1700","1700","2300","600","c","2000","800","8200","2600","1200","c","1400","1300","1700"
2022,"Warwick","LADU","4900","c","9500","3500","5300","5500","3000","1200","c","2000","4800","6400","low","c","4400","c","1500","2000","2300","11900","2200","700","2000","1500","c","5000"
2022,"Birmingham","LADU","23100","11000","43900","31300","31300","37200","13000","20500","2300","7100","32500","50000","4400","2800","16000","8300","4200","24400","12600","119300","22900","9600","10800","21200","9600","45300"
2022,"Coventry","LADU","5600","3400","21200","8200","9400","8000","5400","4600","3100","3900","9300","15700","2400","c","4800","3700","4500","8700","2300","57000","6800","5400","3500","9600","5400","26000"
2022,"Dudley","LADU","8900","3100","7600","9300","8400","7600","5000","3400","1100","1200","13000","17100","1500","2600","5000","8000","2400","4000","2400","40400","5900","2600","12300","8400","2400","8800"
2022,"Sandwell","LADU","6700","4800","4000","8500","5800","6800","1500","7400","c","4900","12100","16600","4500","c","4200","4700","c","11300","1800","35600","8200","c","5700","6400","2900","11200"
2022,"Solihull","LADU","10400","2600","5800","4200","4400","10200","1100","2700","1100","2000","8500","8500","1200","c","3200","3000","c","4800","2600","22000","3900","2100","1100","4100","2000","8700"
2022,"Walsall","LADU","4200","5400","4300","4500","3800","6600","1800","6400","1000","2700","7500","11800","3000","1800","5500","5000","2900","14100","3700","36300","3600","1400","8400","5000","4400","13600"
2022,"Wolverhampton","LADU","4600","5700","5000","6800","8700","8500","c","6300","c","c","8900","11800","1300","c","5700","2400","c","5500","4000","30600","4900","2200","6200","3700","4000","9600"
2022,"Bromsgrove","LADU","6300","c","3700","5000","4100","4100","c","1900","c","c","5200","3400","1100","c","1400","1800","c","c","c","5800","c","1400","c","c","c","3300"
2022,"Malvern Hills","LADU","2800","c","3800","2600","2300","3300","c","c","c","c","c","2400","c","1400","c","c","c","4600","c","7800","c","c","c","c","2200","3500"
2022,"Redditch","LADU","2600","2500","3200","1700","c","2100","1400","c","c","1800","1800","2700","c","c","c","1300","1100","3000","c","11000","2000","1900","2600","1300","c","2800"
2022,"Worcester","LADU","2100","c","1500","3300","4400","3500","c","1400","c","1700","4800","5200","c","c","2100","c","c","6100","c","14100","1500","1900","1600","2600","c","5200"
2022,"Wychavon","LADU","7500","1600","5400","2000","2300","3900","c","2800","1800","1000","2700","5400","2000","c","2100","900","c","2200","c","13600","3000","c","2400","2900","c","4100"
2022,"Wyre Forest","LADU","5100","1600","c","1200","2000","2100","c","1300","c","c","1900","4600","c","c","c","1700","c","3100","c","12800","1800","c","1800","4200","1500","3000"
2022,"Bedford","LADU","5900","2400","7100","4700","4900","6500","2100","1700","1600","900","8000","5900","c","c","1700","2900","c","5600","1900","14900","2600","3200","1100","c","c","5500"
2022,"Central Bedfordshire","LADU","13300","7700","15600","3600","5500","10000","7500","3500","1300","2100","12400","14600","2600","1800","7000","1500","c","5300","2200","34400","6700","c","4400","9500","3800","9100"
2022,"Luton","LADU","3800","1500","7500","2100","7500","6000","1200","2500","1500","c","6800","10800","2100","c","1900","5600","1800","4000","2300","30300","6300","c","3400","5500","3600","10600"
2022,"Peterborough","LADU","5000","2400","7300","3500","3600","3800","2600","2200","1000","2300","6100","10300","900","c","3400","3000","1700","5400","1200","32300","7100","2100","3000","4100","6400","9600"
2022,"Southend-on-Sea","LADU","6800","2400","4600","4700","3800","6700","2500","1600","1400","800","6000","9500","1800","500","1100","3200","2200","5900","2100","22700","4900","3200","1900","3800","1800","6900"
2022,"Thurrock","LADU","5200","2300","4000","3400","3700","5800","2000","2200","c","1600","7100","9300","2200","c","3200","3300","1500","4900","1700","26700","7300","low","2400","7300","2100","7100"
2022,"Cambridge","LADU","6300","1600","12300","1600","7700","5300","c","c","c","3200","4900","5900","c","c","3500","c","c","3300","c","10000","c","c","c","c","c","6100"
2022,"East Cambridgeshire","LADU","4600","1900","5400","c","2600","1900","1400","c","c","3000","2000","5500","1400","1300","2300","4000","1900","2900","c","4500","c","c","1100","c","c","c"
2022,"Fenland","LADU","2500","c","4100","c","1600","2800","c","c","c","c","2100","3800","1800","c","1800","5200","c","c","c","11300","2500","c","c","4000","2100","c"
2022,"Huntingdonshire","LADU","9200","4400","7600","2800","2600","3600","3000","3500","1600","c","4200","9300","2300","2000","2600","c","c","7500","c","18500","6000","1800","3400","2200","c","5100"
2022,"South Cambridgeshire","LADU","4800","1300","16200","5900","4300","7000","c","1600","c","2700","5400","7100","1800","1200","1800","2500","c","3400","1500","8700","2800","c","c","1100","c","4100"
2022,"Basildon","LADU","3500","3200","7600","3900","6300","6000","2100","900","1800","1800","8500","9600","3400","c","3700","3900","1800","9200","c","23600","5200","c","c","2100","c","14200"
2022,"Braintree","LADU","7100","1700","7500","1900","3000","7200","2900","3200","c","c","2700","9900","2000","c","2500","3100","1700","4200","2400","19800","9100","1900","c","1600","c","6300"
2022,"Brentwood","LADU","1500","c","4700","2300","2200","5400","c","c","c","c","2400","4100","c","c","c","c","c","2800","c","6700","2200","c","c","c","c","3600"
2022,"Castle Point","LADU","c","2000","3000","c","2500","2200","c","c","c","c","4000","7000","c","c","3400","2900","c","3200","2200","5800","c","c","c","c","1800","c"
2022,"Chelmsford","LADU","11100","2200","7600","3600","3700","6100","1200","c","2900","1300","5700","14500","2100","c","2900","2700","1900","2300","c","16200","7200","c","3600","2800","c","2600"
2022,"Colchester","LADU","8400","4800","12300","c","4700","9500","c","2400","c","c","6100","6300","c","c","4400","2800","2600","6200","3000","15100","c","c","c","2000","3300","7100"
2022,"Epping Forest","LADU","7300","2400","6300","1300","4700","7300","c","2500","2000","c","5200","4100","2800","2400","2500","1900","1600","3900","1500","7100","c","c","c","2800","c","2900"
2022,"Harlow","LADU","2200","2600","c","2600","c","c","c","c","c","c","c","4300","c","c","c","3700","c","5200","c","16300","1500","c","c","c","c","12600"
2022,"Maldon","LADU","c","c","2600","c","1700","1900","c","1900","c","c","c","2600","c","c","3700","c","c","2200","c","7900","c","c","c","2300","c","3400"
2022,"Rochford","LADU","c","1200","4300","1700","1700","3500","c","c","1900","c","3800","4800","c","c","2800","2100","c","2200","c","10000","4400","1700","c","c","c","3900"
2022,"Tendring","LADU","4600","4600","3100","2800","1700","3300","1800","3300","c","c","2300","4000","c","c","c","2600","c","4700","1500","10900","1700","c","c","1800","2100","5000"
2022,"Uttlesford","LADU","5600","1100","5000","2000","3100","2500","c","2400","1100","1700","4700","3100","700","c","1300","1100","c","800","1800","4800","1400","c","c","c","c","2000"
2022,"Broxbourne","LADU","3900","2000","2800","1600","2300","3900","c","1700","c","c","c","8900","c","c","2800","1900","c","1600","1800","7800","c","c","c","3200","c","2300"
2022,"Dacorum","LADU","8400","c","6700","3800","c","6200","1900","2700","c","1800","4600","10700","4300","1400","3200","3300","c","2800","2200","16500","5400","c","c","2800","c","5100"
2022,"East Hertfordshire","LADU","6700","3100","9300","4300","4800","6400","c","2600","c","3200","6300","8200","c","c","c","1300","2600","c","c","12000","3500","c","c","2800","c","3500"
2022,"Hertsmere","LADU","5500","2600","4000","2000","3600","3600","3600","c","c","c","6000","2800","c","c","1200","c","c","3000","c","5700","c","c","c","2700","c","2800"
2022,"North Hertfordshire","LADU","5500","c","10400","5000","1900","9600","2500","c","c","3700","8700","4900","c","c","2700","c","c","c","c","9300","4100","c","c","c","c","4100"
2022,"St Albans","LADU","11500","2500","6400","2800","2600","12000","2400","c","c","3800","3900","9800","c","c","1800","1700","c","5000","c","6200","1700","c","c","c","c","2600"
2022,"Stevenage","LADU","2400","3300","3400","4200","c","1700","c","c","c","c","4100","5500","c","c","c","c","c","2500","c","6900","c","c","c","c","c","3100"
2022,"Three Rivers","LADU","3500","2900","6200","3300","1300","6700","c","1100","1500","c","2600","5300","c","c","c","2600","c","1700","2100","4800","1800","c","c","c","c","1800"
2022,"Watford","LADU","3400","1200","3300","3500","5200","6900","1400","c","c","c","2500","4200","1000","c","c","c","1800","2800","c","11600","c","c","c","4400","c","5900"
2022,"Welwyn Hatfield","LADU","8100","c","9000","2600","3600","8000","c","2100","c","c","6200","3900","c","c","c","c","c","1800","c","13100","2900","c","c","2600","c","6200"
2022,"Breckland","LADU","4500","4900","2700","2300","6200","4100","2300","c","c","c","6500","1600","2300","c","c","2900","c","4400","c","16000","2800","c","2400","4700","3200","c"
2022,"Broadland","LADU","4300","2900","4400","1300","2200","3200","1100","2600","c","c","4100","4200","1500","c","1200","1400","2500","5800","c","16100","3900","c","c","2600","c","5800"
2022,"Great Yarmouth","LADU","3300","2500","2800","2900","c","3500","c","c","c","c","3400","c","c","c","c","c","c","2900","c","10400","3100","c","c","3000","c","4000"
2022,"King's Lynn and West Norfolk","LADU","6300","1100","2500","3200","3200","1200","2100","3300","2800","c","4500","3300","1100","1100","2800","2200","1700","5300","1700","13800","5000","c","c","c","1800","4500"
2022,"North Norfolk","LADU","4400","3200","1400","c","1700","c","c","1600","c","c","c","2200","c","c","2300","c","1700","3300","c","12500","4100","c","c","c","c","6300"
2022,"Norwich","LADU","2900","2000","5400","4400","3400","5600","2400","4100","c","1900","c","5900","c","c","2600","c","c","6100","c","27000","6800","c","1500","3800","3500","10400"
2022,"South Norfolk","LADU","4500","3200","3900","2400","4700","3900","1300","1600","1700","1200","5100","7000","c","1200","2300","c","c","5700","c","12300","2800","c","1700","2200","c","3900"
2022,"Babergh","LADU","c","1800","2400","1900","c","4400","c","1200","c","1200","c","2700","c","1800","c","c","1700","2700","c","13000","c","2100","c","3000","2100","4900"
2022,"Ipswich","LADU","1400","3800","5000","3700","4000","5800","2400","2600","c","c","6400","3100","1400","c","2800","c","c","8000","c","22600","3700","5700","1900","6100","c","3900"
2022,"Mid Suffolk","LADU","2500","c","3400","c","2100","5000","2100","c","1600","1200","2900","4400","1700","1200","1900","2200","c","2200","c","14800","4300","1200","1400","1900","c","4900"
2022,"East Suffolk","LADU","8300","5600","4700","4800","1300","6500","1800","3900","1700","c","6900","7800","1500","c","6200","3800","2500","6300","4300","27400","8600","1500","2900","2800","3700","7800"
2022,"West Suffolk","LADU","3900","3200","3000","2200","2900","3100","c","1700","1800","2000","6900","9200","2000","1200","4900","4100","3900","6000","1900","23100","3700","1900","2100","3100","2700","9700"
2022,"Camden","LADU","17000","1900","19900","9300","10400","21100","c","3700","c","9100","15300","5500","c","c","c","c","c","5700","c","19300","5900","3400","c","4500","c","5500"
2022,"City of London","LADU","c","c","c","c","c","c","c","c","c","c","c","c","c","c","c","c","c","c","c","c","c","c","c","c","c","c"
2022,"Hackney","LADU","16900","4400","16400","4300","2800","35600","3900","c","c","12800","13900","8300","3400","c","4600","4900","c","2400","5500","26600","5900","2800","c","c","4300","11400"
2022,"Hammersmith and Fulham","LADU","6500","4100","12600","11700","1800","15500","c","2700","c","6400","10900","5200","c","c","c","c","2700","4500","c","7600","4300","c","c","c","c","c"
2022,"Haringey","LADU","9500","5100","14200","5300","6400","19000","4000","4200","c","8700","10100","14500","2600","c","3000","9500","3400","7000","4500","21900","c","1700","c","2800","c","15900"
2022,"Islington","LADU","21300","5300","23300","6400","8900","33100","c","4600","c","5500","12100","4000","c","c","c","c","c","4700","c","11100","4100","c","c","2600","c","3500"
2022,"Kensington and Chelsea","LADU","10800","2300","6300","2300","4900","15100","c","1300","c","3500","6500","5300","c","c","c","1900","1500","5100","2400","5200","c","c","c","1500","c","2000"
2022,"Lambeth","LADU","29300","6400","18700","17200","8800","40700","c","5400","c","24300","22300","9900","3400","c","c","c","c","c","c","22500","6000","c","c","4300","c","10700"
2022,"Lewisham","LADU","15100","6300","12100","7500","5200","35200","1800","5400","c","11500","17000","13100","900","1300","2500","c","c","8300","2000","25100","5900","3300","c","3800","c","10200"
2022,"Newham","LADU","9900","3300","30700","8100","9100","11000","c","4300","c","4100","13100","10600","7700","c","5300","4100","c","9500","6000","59700","11800","12200","c","9700","4800","18400"
2022,"Southwark","LADU","21000","5500","21000","7400","5800","27700","5800","7600","c","7000","20700","14900","3400","c","c","c","c","14200","c","25700","5100","c","c","4800","c","12500"
2022,"Tower Hamlets","LADU","13000","1900","22400","4900","7500","27200","6400","3600","c","9000","13800","11600","3500","c","c","c","4600","8600","c","33600","5400","4200","c","8100","2800","13200"
2022,"Wandsworth","LADU","25400","6500","18600","10400","8000","36800","3500","4200","c","9200","23600","9000","c","c","c","c","4500","7500","5300","23700","9900","c","c","2800","c","9000"
2022,"Westminster","LADU","13600","1700","11700","4000","11400","19700","c","2100","c","4300","14900","9400","c","c","c","c","c","c","3000","11800","2400","2600","c","c","c","4100"
2022,"Barking and Dagenham","LADU","6300","3500","2100","2500","6100","6400","c","1500","c","c","2900","7300","2500","c","3900","5500","3200","6200","1700","34900","4600","3200","3100","9100","3200","11700"
2022,"Barnet","LADU","17700","9300","16900","9000","13300","23400","4000","6300","c","6000","13800","17000","5500","c","8000","3700","c","10900","2900","26100","3200","2700","c","9500","2300","8500"
2022,"Bexley","LADU","12000","4500","10700","3000","6300","18200","1800","c","3100","1500","8900","14600","3200","c","3200","6200","2000","4400","2400","20700","3100","c","1500","4100","1500","10500"
2022,"Brent","LADU","14300","6400","7300","9600","3000","24600","c","5800","c","6700","11000","9300","4000","c","c","c","c","9400","7200","36400","12500","c","c","5700","c","13000"
2022,"Bromley","LADU","23000","6500","16100","7200","13400","31800","2600","1700","c","4600","15400","13500","6700","c","2500","7900","2900","6200","4600","18900","7000","3000","c","1000","c","7500"
2022,"Croydon","LADU","16900","4500","18300","8100","10000","29100","2000","4200","1400","5900","21200","22900","1900","c","1500","3400","3300","10000","c","33400","9100","c","c","8600","2000","11500"
2022,"Ealing","LADU","21500","6200","17100","9300","13900","19700","3300","2400","c","9900","12400","15400","c","c","c","3200","4100","12400","3300","20000","7300","c","c","3400","c","6900"
2022,"Enfield","LADU","11800","10200","12600","10000","8300","13000","c","1900","c","1800","16100","15100","2000","c","1900","4000","4000","17600","c","29400","11200","c","2300","4000","c","9300"
2022,"Greenwich","LADU","12600","1400","20700","6200","5700","18100","c","2700","2400","5200","9500","14000","2400","c","2900","2300","2200","8900","2300","30400","5500","c","c","3900","4300","13300"
2022,"Harrow","LADU","8300","5000","16900","8600","6800","19600","3800","2200","1900","3400","7600","8700","1700","c","c","2000","c","6800","c","16900","4700","c","c","1100","c","8000"
2022,"Havering","LADU","9600","4600","12100","5100","6400","19900","2100","1700","1100","3000","9800","14400","1900","c","5300","6300","3600","6300","2600","24000","7900","900","3300","5600","1100","5200"
2022,"Hillingdon","LADU","7800","3200","17200","6900","11100","11200","c","2400","1300","6600","9300","20100","2700","c","3700","2900","4200","8500","4300","29400","5100","4100","3300","3800","2400","10700"
2022,"Hounslow","LADU","8500","7200","14500","4100","3200","10000","3200","4300","c","5200","10900","14700","2900","c","6200","4000","c","3800","3500","30900","5000","3300","1800","3600","6700","10600"
2022,"Kingston upon Thames","LADU","11800","2700","14900","5100","8600","16100","1800","1800","c","5600","7400","7200","2400","c","c","1000","2200","3600","1400","7300","2200","c","c","800","c","3200"
2022,"Merton","LADU","10800","3900","12300","6300","5900","19900","3800","1800","c","4000","13100","8600","2200","c","1000","3900","3100","3600","c","12700","3700","c","c","2400","c","4000"
2022,"Redbridge","LADU","10600","2400","14300","5200","6400","20200","2400","3700","c","c","13200","14500","3200","c","5000","6500","2700","8000","1800","20000","5500","2500","2000","1500","c","7100"
2022,"Richmond upon Thames","LADU","15100","4200","10900","4100","9000","16000","1600","1800","2100","4500","9000","3400","1300","c","c","c","1900","3000","1500","9400","3500","c","700","c","c","4200"
2022,"Sutton","LADU","7500","5100","12800","6100","5500","9300","1900","4800","c","1000","7600","8300","2300","c","2900","4600","1700","4800","4000","11000","1500","1100","c","2500","c","4800"
2022,"Waltham Forest","LADU","11800","5400","15700","6500","10700","11700","c","3800","c","7400","7100","12000","1700","c","c","5400","3400","6900","2400","30700","6800","2300","2700","1700","c","14400"
2022,"Bracknell Forest","LADU","6000","2800","6900","2000","2900","3900","1300","1000","1300","1200","4100","4600","1200","800","1200","1600","800","5200","1300","11500","2200","1500","1100","2100","1100","3500"
2022,"Brighton and Hove","LADU","9300","7000","22200","9700","9600","15500","1300","4300","2300","9200","17100","10600","1300","c","1300","3000","3300","8200","3500","28900","5000","3200","c","4600","c","15600"
2022,"Isle of Wight","LADU","3900","1700","2700","3000","2400","2900","700","1400","low","900","3000","4000","1000","900","1200","2100","1500","7100","800","13400","3800","800","500","900","1700","5700"
2022,"Medway","LADU","10800","4400","7800","6200","6700","9800","4000","5800","2500","2400","11200","10500","2900","c","6800","4600","1100","10000","2100","32400","7500","2300","3900","7900","2800","7800"
2022,"Milton Keynes","LADU","10000","3600","17100","7200","3100","11500","6600","2700","1700","1800","12000","13700","1500","800","4500","2100","2400","7300","2200","35200","5100","3300","2600","4700","3900","15500"
2022,"Portsmouth","LADU","8300","3800","11500","7000","6900","7700","2700","3300","1400","2500","7600","6800","1800","c","2600","2700","1800","6000","2000","23000","4700","1600","3400","4400","1500","7400"
2022,"Reading","LADU","5400","1200","14100","2700","4700","8300","2500","1700","1700","1900","7400","7000","700","900","1700","2600","2100","9000","c","13400","2100","1000","1000","2400","1400","5400"
2022,"Slough","LADU","4200","1100","4700","2000","2500","4000","2200","1700","c","c","2500","7400","low","c","2500","4200","1500","6600","1200","19600","2500","c","1900","4600","1300","8900"
2022,"Southampton","LADU","3700","4900","10800","7100","8000","10700","2100","5200","1400","3400","7200","13200","1700","c","6800","4500","3800","8000","2500","33000","6900","2200","3400","4600","3000","12900"
2022,"West Berkshire","LADU","8600","3700","8500","1800","4200","7600","2100","2700","800","1400","7900","6600","1900","1700","2700","2400","1100","4200","700","13600","3900","1200","2300","1400","1100","3700"
2022,"Windsor and Maidenhead","LADU","11400","2300","10800","2000","4700","8900","2600","1200","600","2600","7600","5700","1000","700","2000","low","1200","1800","600","8100","2400","c","c","2200","c","3000"
2022,"Wokingham","LADU","9100","2200","15300","3600","4300","10500","2100","2100","low","1800","8800","6900","1600","c","1800","2300","1500","4200","1900","7200","1300","c","900","1800","c","2700"
2022,"Buckinghamshire","LADU","39200","9400","24800","11000","13000","23500","6600","3700","2200","7500","24200","21400","4000","1800","9400","7800","4700","14600","3100","45700","12100","4700","4800","6300","4500","13200"
2022,"Eastbourne","LADU","3200","c","4100","1800","4300","4100","c","1700","c","c","3800","2500","c","c","c","2100","c","3500","3000","7600","3300","c","c","1700","c","c"
2022,"Hastings","LADU","700","3500","2200","700","5300","900","800","c","c","1300","1900","4500","c","c","900","600","c","7700","c","9900","4900","c","c","1700","c","1600"
2022,"Lewes","LADU","6400","2500","4300","c","3100","c","c","1900","c","4400","2600","3900","c","c","1300","2600","c","3500","1600","8000","2100","c","c","c","c","3700"
2022,"Rother","LADU","1400","2200","c","2500","2900","1700","3200","900","c","c","4400","1300","1500","1700","c","2200","c","3800","c","8500","1500","c","c","c","c","4500"
2022,"Wealden","LADU","8600","800","3200","3700","4400","5500","2200","5300","c","c","6300","8000","1300","3000","5900","1400","800","3100","c","13500","4700","1400","c","900","1700","4500"
2022,"Basingstoke and Deane","LADU","7700","4700","11200","1500","4300","4900","2700","3300","c","c","9700","13800","c","500","2700","2500","c","4600","3600","11300","2500","c","c","2100","c","5200"
2022,"East Hampshire","LADU","8000","2600","5300","3300","2000","5200","1300","1300","c","c","3300","7900","c","c","2900","c","c","5600","c","9800","4000","c","c","1000","c","3200"
2022,"Eastleigh","LADU","4200","4600","7400","2300","4200","5400","2500","c","c","2100","4800","6500","700","c","3300","1100","c","2800","c","16500","2300","3100","c","3500","c","5900"
2022,"Fareham","LADU","6000","1600","4800","2100","3600","3900","2500","2100","1200","c","3100","6100","c","c","1600","c","c","3100","2000","12600","3500","900","1900","1500","c","4900"
2022,"Gosport","LADU","1700","2600","2500","c","2300","c","1500","c","c","1700","2000","6000","c","c","c","c","c","4100","c","7500","2000","c","c","1600","c","2500"
2022,"Hart","LADU","4300","1700","9900","c","c","5800","c","c","c","c","3500","3800","c","c","3500","c","c","1600","1400","8900","2700","c","c","c","c","5200"
2022,"Havant","LADU","4200","3000","2800","2200","2300","1800","2100","c","2000","1700","4200","4000","c","c","1100","2400","1600","3800","c","13100","4900","1500","1700","2200","c","2100"
2022,"New Forest","LADU","4800","4000","4700","2600","2800","5900","c","1300","2100","1700","4200","8000","1400","2100","2400","3500","1600","3400","1600","21200","4200","c","2500","2400","2400","9200"
2022,"Rushmoor","LADU","2800","c","5500","1900","c","2700","2300","c","2100","c","4400","4200","c","c","2600","c","c","2500","2500","7500","c","c","1600","c","c","3000"
2022,"Test Valley","LADU","7900","3400","5800","7100","2000","4700","c","2700","1300","c","6600","4700","c","c","1400","c","c","4300","2600","8100","2000","c","c","2200","c","2900"
2022,"Winchester","LADU","9200","1600","6900","4800","2200","4800","c","c","c","c","6500","8000","c","c","c","c","1500","4100","c","7400","1600","c","c","c","c","c"
2022,"Ashford","LADU","4000","1800","4600","2200","5000","2700","c","c","2400","c","4000","5400","1900","c","1400","5300","2800","4300","1600","10800","4500","c","2100","c","c","1700"
2022,"Canterbury","LADU","4500","3600","7700","3900","4400","3500","c","1400","c","c","4400","6300","900","1700","1500","1000","c","3600","2500","16200","2200","c","1900","3200","1600","7300"
2022,"Dartford","LADU","c","c","7400","c","5600","c","c","c","c","c","c","9200","c","c","3400","c","c","c","c","7800","c","c","c","c","c","c"
2022,"Dover","LADU","3700","1200","4600","1900","3400","3800","c","c","2900","500","2000","4000","1200","c","c","2700","2400","3300","c","9700","2200","1700","c","1500","c","3200"
2022,"Gravesham","LADU","7300","3500","c","c","c","c","c","c","c","c","4400","7100","c","c","c","c","c","3700","2800","16900","3600","c","c","c","c","10200"
2022,"Maidstone","LADU","5200","c","6500","3600","4000","6700","c","3000","c","c","7700","12400","3300","c","2100","c","2100","5500","c","19500","7300","2200","2800","3000","c","2700"
2022,"Sevenoaks","LADU","6500","3500","c","1000","1600","7800","c","c","c","3500","6000","2700","c","c","1700","1700","c","4200","c","7200","c","1700","c","1800","c","2100"
2022,"Folkestone and Hythe","LADU","4300","2000","3300","1900","2600","3400","c","1900","c","c","4600","4900","c","c","c","c","1900","3500","c","11100","3700","c","c","c","c","5800"
2022,"Swale","LADU","9100","2900","3100","1200","5900","4400","c","2600","c","c","5300","4100","c","c","4300","2700","2800","2900","c","19800","c","2300","1700","1600","c","12400"
2022,"Thanet","LADU","3100","3500","5200","2600","2300","3200","c","3200","c","1100","3500","5900","c","c","c","4200","c","7800","c","12500","4000","c","c","1900","c","4700"
2022,"Tonbridge and Malling","LADU","8100","2500","3700","2000","3900","5100","c","c","c","c","4700","5000","2800","c","c","c","c","2900","2600","14000","3000","c","c","2700","c","4900"
2022,"Tunbridge Wells","LADU","5200","1800","3600","1800","4600","8400","c","1600","c","2800","4900","3100","c","c","c","c","c","2000","c","11200","2900","c","c","c","2600","2400"
2022,"Cherwell","LADU","5600","2700","6300","4500","4600","3800","1100","c","c","3500","7100","8000","c","900","c","c","2300","1700","1700","12800","2000","c","2100","c","3000","4200"
2022,"Oxford","LADU","3800","6000","14000","6500","10400","7800","c","3300","c","c","2500","7500","c","c","c","c","4100","3600","c","10600","c","c","c","c","c","7300"
2022,"South Oxfordshire","LADU","8300","2200","8200","4000","4800","6100","4700","c","c","1400","4700","3700","1800","c","2100","1300","c","1800","c","11500","3500","c","c","1100","1400","4700"
2022,"Vale of White Horse","LADU","6300","c","8100","1600","6100","8100","2900","c","c","2000","4600","2700","2100","c","2500","2900","c","3100","c","9500","c","c","1600","2400","c","3700"
2022,"West Oxfordshire","LADU","3700","c","3800","5300","4500","5300","c","c","c","c","6600","4200","1400","2100","2900","1600","c","4300","c","11300","2400","c","2000","c","c","4600"
2022,"Elmbridge","LADU","10900","3200","7100","4100","2600","8300","c","c","c","1600","5300","4800","1900","c","c","c","c","3700","1100","5600","2700","c","c","c","c","1800"
2022,"Epsom and Ewell","LADU","6200","c","3000","2000","3800","7500","c","c","c","c","c","3400","c","c","c","c","c","1600","c","5900","c","c","c","c","c","3500"
2022,"Guildford","LADU","11100","c","12000","3200","5000","9300","c","1800","c","1800","3500","6500","2700","1700","2600","c","c","1800","c","11100","4000","c","c","2000","c","2100"
2022,"Mole Valley","LADU","5400","1500","4000","1900","2600","1700","c","c","c","c","4300","4700","c","1200","1800","c","c","3500","c","5300","1900","c","1600","c","c","c"
2022,"Reigate and Banstead","LADU","9400","1400","6500","4400","7100","11700","1100","3400","c","c","8800","5800","1400","c","2300","c","c","4400","c","10900","5600","c","c","c","c","3000"
2022,"Runnymede","LADU","4800","2900","4600","c","c","3500","c","c","c","c","3300","6800","c","c","c","c","c","c","c","11800","3600","c","c","c","c","4500"
2022,"Spelthorne","LADU","2600","c","8300","c","1900","4500","1400","2000","c","c","3700","5700","c","c","2200","c","1100","1800","c","12500","4500","1600","c","2600","c","2400"
2022,"Surrey Heath","LADU","7300","c","5200","c","3700","4000","2000","c","c","c","5400","1000","c","c","c","c","c","1900","c","9200","2600","c","c","c","c","5100"
2022,"Tandridge","LADU","5500","1300","2000","1900","2800","8100","c","c","c","1900","4100","3100","c","c","2000","c","1300","1500","c","5400","c","c","c","c","c","1500"
2022,"Waverley","LADU","7900","2800","5100","c","3300","10600","2000","c","c","c","2300","7300","2900","2700","c","c","c","2700","c","8700","c","c","c","c","c","4900"
2022,"Woking","LADU","3700","2100","9900","c","1700","5300","c","2000","c","c","10300","4500","c","1700","c","c","c","c","c","2000","c","c","c","c","c","1600"
2022,"Adur","LADU","c","1900","2900","1400","c","2700","c","c","c","c","3900","4200","c","c","c","c","c","1900","c","4900","c","c","c","1400","c","2900"
2022,"Arun","LADU","9800","c","1400","c","3500","5600","c","1600","c","c","6200","3300","c","c","1900","2100","2000","8400","3400","23700","5700","c","2000","c","5000","8500"
2022,"Chichester","LADU","3500","1900","3400","3100","2700","4400","c","c","c","c","6600","4800","c","2200","c","c","1300","1600","c","7600","1700","c","c","1500","c","3100"
2022,"Crawley","LADU","3200","c","8600","c","c","3500","c","c","c","c","8100","3700","c","c","c","1900","c","5800","2600","17700","6400","3200","c","3000","c","4500"
2022,"Horsham","LADU","11100","1800","4400","3400","6200","10100","c","c","c","c","7900","4300","c","c","2200","c","c","2700","c","8900","2800","c","c","c","c","3500"
2022,"Mid Sussex","LADU","12500","3700","7100","3000","4800","10600","2000","2400","2700","1300","7000","6600","c","c","2200","c","1900","3700","c","6500","c","c","c","2400","c","2200"
2022,"Worthing","LADU","5000","c","1900","2500","2000","2500","2100","c","c","c","6500","3300","2000","c","c","1900","c","1800","3700","13600","3500","c","c","2300","c","6200"
2022,"Bath and North East Somerset","LADU","7700","4500","8200","5700","9200","7100","1900","2600","c","2100","4900","4600","2000","1100","2600","4000","3300","6500","c","14900","4300","1000","1900","c","1100","6200"
2022,"Bristol, City of","LADU","11800","11100","30000","12200","17100","37400","5300","13300","1400","6600","14100","23900","3400","1800","4200","4900","6500","12800","3500","45600","11200","4200","4500","6900","800","18000"
2022,"Cornwall","LADU","10600","10800","13200","11100","12200","15600","3700","6400","2100","5900","11300","25000","7500","8900","12700","10700","4800","16000","8700","68100","21500","1300","5200","12200","5400","22500"
2022,"Isles of Scilly","LADU","x","x","x","x","x","x","x","x","x","x","x","x","x","x","x","x","x","x","x","x","x","x","x","x","x","x"
2022,"North Somerset","LADU","8100","2900","8400","3200","2300","11000","1700","3000","900","2100","10600","9400","1900","800","2700","3800","1000","6100","2400","26700","5700","1200","2600","4200","2000","11000"
2022,"Plymouth","LADU","7100","2200","7900","6200","7700","7300","4900","8300","3500","1000","7000","8400","2500","c","7000","8600","2000","9100","3200","25900","6700","2500","3700","4500","3100","5100"
2022,"South Gloucestershire","LADU","11100","4600","17100","8100","4600","13200","5100","3900","1400","1900","9800","12100","3400","2500","5000","4300","1700","6800","3400","32900","6800","3000","2400","7200","2200","11000"
2022,"Swindon","LADU","7500","4400","10000","3600","5200","8000","2100","4000","c","2100","6800","10400","2600","800","3700","3600","1100","5500","600","29700","7000","1000","4200","5300","2500","9700"
2022,"Torbay","LADU","3800","2800","2600","3000","1700","2100","1200","1000","low","800","2200","6000","900","700","2000","4100","1100","4200","1500","16600","3700","600","2200","3300","low","6300"
2022,"Wiltshire","LADU","23500","8700","18900","8700","9200","16900","4400","6300","9300","5000","16400","21100","4500","4000","7700","9000","6000","19100","10100","42700","9800","1000","5100","5600","4700","16300"
2022,"East Devon","LADU","4400","3000","4000","2900","1900","3300","1600","2500","c","1000","2900","5100","700","1200","3400","1500","2200","4500","1800","15700","3900","c","1900","2400","c","6100"
2022,"Exeter","LADU","5700","c","5400","5300","5100","6900","2000","c","c","2100","3700","3300","1400","c","2100","c","c","3100","1300","14600","5200","c","c","2300","c","5100"
2022,"Mid Devon","LADU","3200","1900","2300","2500","1700","2800","c","c","c","low","2800","3400","c","2700","1800","800","c","3100","900","5700","1900","c","800","1600","c","1400"
2022,"North Devon","LADU","2200","2300","2700","2800","2900","2100","c","2500","c","c","3300","2700","1500","1600","c","c","2200","2200","3600","11000","1400","c","2300","1400","900","5000"
2022,"South Hams","LADU","3800","2400","2500","1700","1600","2100","c","c","c","c","1300","1900","c","1500","c","1300","2000","2000","c","11900","3500","c","c","2600","2400","2300"
2022,"Teignbridge","LADU","3700","900","6400","5300","3500","3800","c","500","c","2200","2600","2300","1000","800","3300","2800","1600","4200","1300","17100","6200","c","900","1300","2000","6100"
2022,"Torridge","LADU","1800","2400","c","1900","c","c","c","1400","c","c","c","3300","c","1800","3200","c","c","c","1700","12600","3100","c","c","1400","c","6900"
2022,"West Devon","LADU","2700","c","c","c","c","1500","c","c","c","c","3300","3300","c","c","c","2500","c","1800","1600","2600","2200","c","c","c","c","c"
2022,"Bournemouth, Christchurch and Poole","LADU","19500","5200","14400","8100","8000","14200","3500","5600","2000","4200","13100","16700","3700","800","8700","6300","4900","11100","3500","40100","10800","1100","2300","6700","3400","15300"
2022,"Dorset","LADU","11400","3500","11000","11300","7200","11200","2800","3000","1700","4600","9800","12100","2300","3500","7100","7500","2600","11500","8300","32400","9700","2100","2100","4300","4600","9600"
2022,"Cheltenham","LADU","2700","1900","7300","2900","2600","4400","c","1700","c","1100","4600","3500","c","1200","1800","2000","c","6600","1700","14200","5400","c","1300","c","3100","3800"
2022,"Cotswold","LADU","7500","1900","3100","1000","2000","3400","c","c","c","2200","2900","2000","1200","1600","1800","2100","c","2400","c","6700","1700","c","1400","c","1400","1800"
2022,"Forest of Dean","LADU","2300","1200","3100","1600","3000","1700","c","c","c","1600","2900","2900","1200","c","1200","1100","c","2600","c","8300","2800","c","c","1200","c","2900"
2022,"Gloucester","LADU","3600","600","9400","2900","1400","4300","2100","c","1500","1900","4800","4800","2400","800","4600","3300","c","5700","1000","16000","5400","1100","1900","2400","c","4000"
2022,"Stroud","LADU","4100","3200","4600","4100","3800","2900","c","4300","c","2400","2600","6100","800","1500","c","1400","c","3000","1400","10800","1900","c","1800","1100","c","5100"
2022,"Tewkesbury","LADU","2700","2400","4300","1200","1400","4300","c","c","900","c","4000","4900","c","800","3400","800","c","2800","c","7200","1500","c","1200","c","c","4000"
2022,"Mendip","LADU","2700","2500","2700","3000","3100","2800","c","c","c","c","3300","7700","2200","c","1300","2000","3700","3300","3500","13300","4200","c","c","2000","c","4400"
2022,"Sedgemoor","LADU","4400","1900","2800","1900","1400","3800","c","c","c","c","4000","4100","900","c","1400","2600","1600","5500","c","20800","3500","c","3100","3600","3000","7000"
2022,"South Somerset","LADU","4900","3100","5700","3200","2900","5100","c","1100","c","c","5000","3000","2500","2100","1400","3200","1900","6800","c","19600","7800","c","1400","4100","c","5100"
2022,"Somerset West and Taunton","LADU","2800","3300","5100","3800","3000","3000","2200","3000","1600","c","5100","3800","1800","900","2600","1500","c","7700","600","17900","2800","3500","2200","2500","1500","5400"
2022,"Isle of Anglesey","LADU","1400","700","1200","1100","900","1300","700","1800","600","low","1700","2400","600","900","1300","1200","low","2700","800","7800","1200","800","low","1200","900","3200"
2022,"Gwynedd","LADU","1600","3300","2400","2300","3000","3500","1100","1800","c","2300","2400","3000","900","2100","2000","3000","1900","8200","600","13700","2500","low","700","2400","2100","5500"
2022,"Conwy","LADU","2200","2400","3200","2900","4200","2700","1200","2700","900","500","3100","3600","low","1000","1800","1900","1300","4300","1900","10300","2200","c","700","2100","1200","3700"
2022,"Denbighshire","LADU","2700","1600","800","3500","1500","1900","700","1100","c","600","2600","2500","low","1400","1000","1700","1400","3400","600","11400","2400","low","1100","2600","1700","3200"
2022,"Flintshire","LADU","4700","4700","4100","3900","2700","5300","2400","3200","1400","2200","3400","7300","1000","2700","3500","1600","low","4300","1000","18000","3400","1300","2500","3700","2100","4900"
2022,"Wrexham","LADU","2900","1800","2000","3700","2400","2600","2300","4900","1800","1500","2600","6100","1400","low","2600","1900","2200","3900","800","17600","3000","900","2900","2100","1800","6900"
2022,"Powys","LADU","4800","2700","3100","3200","2500","3700","2000","1700","c","2100","2500","3800","1000","4000","1000","2400","500","4000","1800","14200","3100","c","2600","1100","2600","4600"
2022,"Ceredigion","LADU","1600","1100","2400","1600","3600","1300","1300","1100","c","1400","1700","3000","low","1000","1500","500","900","4000","low","8100","2200","500","1000","low","800","3100"
2022,"Pembrokeshire","LADU","2000","2900","2100","2300","1900","2900","900","1200","700","1700","2600","3600","700","1900","2600","2500","2200","5700","1600","14800","3400","low","2200","2600","1400","4800"
2022,"Carmarthenshire","LADU","4000","2400","3400","4400","4100","2900","900","3600","500","1500","4100","7000","1400","3000","3600","3700","1500","6900","1500","18200","4100","1500","2600","3100","2300","4500"
2022,"Swansea","LADU","5000","3400","9500","6300","5000","5400","2600","3300","700","1900","7600","12200","1400","700","3500","4400","3200","9300","1500","30300","6200","3200","2700","2800","1700","13400"
2022,"Neath Port Talbot","LADU","2600","1400","2800","3400","2500","3300","1300","1800","900","600","3800","7200","1200","c","2700","2600","2000","6500","1300","15900","2600","1600","2800","2100","1600","5200"
2022,"Bridgend","LADU","4000","2500","5000","4400","3000","4600","1500","1200","2200","500","3200","5700","c","500","1400","3100","900","5400","600","14700","1800","700","2100","2000","3100","5000"
2022,"Vale of Glamorgan","LADU","3100","2600","3300","2900","4100","5400","900","2300","c","2200","4800","3900","900","900","1400","2100","600","5100","1200","15000","3400","1500","1700","2200","1200","4700"
2022,"Cardiff","LADU","11900","4900","13600","14300","9000","22900","3300","4900","1200","4600","14900","15900","1300","1600","2800","4300","c","7400","2600","43200","15100","5700","900","6600","1500","13200"
2022,"Rhondda Cynon Taff","LADU","4200","2900","7100","2500","5000","5700","2300","3500","1400","c","7200","8700","800","500","4900","6000","3300","11200","900","33900","8800","2400","5100","4300","2400","10600"
2022,"Merthyr Tydfil","LADU","1300","600","1200","1500","1200","1700","700","800","c","c","1600","1700","c","c","900","1600","low","2800","low","8200","1800","700","1000","1100","1800","1900"
2022,"Caerphilly","LADU","4300","3800","4400","2800","4300","3600","2000","2500","c","1300","6600","10400","1700","c","5300","2700","700","4800","1400","19900","3000","2000","4100","3400","1100","6400"
2022,"Blaenau Gwent","LADU","1200","700","1100","1400","1100","1000","low","1500","500","low","2300","3000","600","c","2200","1500","700","2700","low","9700","1000","600","2600","1700","1100","2800"
2022,"Torfaen","LADU","2600","1700","3400","1200","1800","1400","1100","800","800","700","2100","3400","low","c","2200","1400","500","4100","600","9000","1900","600","1700","1200","1300","2300"
2022,"Monmouthshire","LADU","4200","1700","4200","3000","2300","3500","1300","1800","500","1400","3600","2200","800","800","900","1100","1100","2400","low","7800","2200","low","800","1200","low","2700"
2022,"Newport","LADU","4700","2300","5100","2200","2800","3400","2100","2700","800","1400","3700","7200","1200","1000","2300","1500","1000","4100","900","17100","3400","1700","1400","1900","2900","5900"
2022,"Aberdeen City","LADU","4600","1700","15200","3900","7300","8800","4400","5400","c","2100","8800","6800","2200","c","6300","c","2100","8000","2900","25200","4000","c","4600","3500","2800","9300"
2022,"Aberdeenshire","LADU","6700","3200","14500","8200","4000","8400","4300","3800","c","2000","6400","12800","900","3900","7300","5900","1500","8800","1800","28100","8600","c","3600","4100","1600","8900"
2022,"Angus","LADU","3100","1900","1800","2200","3300","3100","1000","3200","800","1500","1100","6100","low","600","1700","1800","1000","3000","1500","14000","2300","1500","2000","3100","1400","3700"
2022,"Argyll and Bute","LADU","2900","1500","2700","1500","1400","3200","600","c","800","1100","2100","2600","low","900","1500","1300","1100","1700","1400","9200","1900","800","600","600","1100","4200"
2022,"Clackmannanshire","LADU","2000","low","1500","c","1200","1200","900","900","low","c","1300","2400","c","c","1200","c","c","800","low","5200","2000","c","low","600","c","1600"
2022,"Dumfries and Galloway","LADU","2400","3200","2300","2800","3200","2500","900","2700","c","c","1200","3900","500","3300","2400","1300","1900","7000","1900","17700","2800","700","2300","3600","3800","4200"
2022,"Dundee City","LADU","2500","2000","6600","4800","3400","2900","1100","1400","c","2300","3900","6300","1900","c","1300","1700","800","5600","c","18200","4200","2400","1700","2000","800","6800"
2022,"East Ayrshire","LADU","2800","1300","4300","3000","1800","2600","800","1800","1300","c","3200","5300","900","800","2000","1600","1400","5200","700","16200","4600","2100","1300","2000","1700","4500"
2022,"East Dunbartonshire","LADU","2300","1200","5700","4400","3200","4800","700","900","700","1400","4800","4600","800","low","2400","1000","c","2900","1300","6400","2000","low","c","700","700","2200"
2022,"East Lothian","LADU","3200","1000","4200","3000","3600","5100","900","2800","c","1000","2300","4200","1000","1100","1400","1500","1000","3400","1400","11700","3400","1200","1200","1600","low","3900"
2022,"East Renfrewshire","LADU","4500","1300","4300","3300","2400","4500","1100","700","c","1600","2600","3700","800","c","700","c","900","2300","600","7700","2300","1200","c","700","c","3200"
2022,"City of Edinburgh","LADU","20800","7700","44700","21900","16000","42200","6500","5400","3000","7900","20300","22600","5400","c","1700","3700","c","12600","2400","45500","15800","5900","c","4200","3900","14000"
2022,"Na h-Eileanan Siar","LADU","500","low","800","600","1100","800","c","c","c","low","500","1000","low","low","low","800","800","800","low","2800","900","c","low","700","c","900"
2022,"Falkirk","LADU","3300","1300","7900","3600","3000","4500","1400","900","800","1300","3700","8400","700","500","1500","4400","1200","6500","1600","23300","4800","2800","4300","2400","2400","6300"
2022,"Fife","LADU","9300","7600","10700","10400","5400","6500","2700","4600","2000","2300","9300","10500","1200","1500","8700","4000","3400","11100","1900","46400","9500","5600","3600","4000","4200","19600"
2022,"Glasgow City","LADU","17200","10200","36700","15300","9500","24900","8100","13600","2400","12500","26400","33000","4400","c","8900","3600","4400","14600","2600","78200","18800","8600","7900","9900","3700","29300"
2022,"Highland","LADU","4500","3500","7100","3800","4000","6500","2300","4100","c","c","7800","8200","2000","1700","3000","6900","c","7000","2400","32200","7700","2900","3300","4700","3700","9400"
2022,"Inverclyde","LADU","1500","c","1800","2100","2000","1900","1300","1200","c","low","1400","3100","low","low","1100","1000","c","2700","800","13400","2800","2500","1500","1800","800","4100"
2022,"Midlothian","LADU","3300","1200","5800","2700","1400","4300","900","2100","700","600","3900","2100","700","600","1300","1800","1100","4900","1300","8200","1700","700","1300","1100","c","2800"
2022,"Moray","LADU","4000","1200","1800","1100","2200","2500","1100","1200","1600","700","3000","2700","900","low","1700","1400","2600","4100","600","11900","2600","600","3000","1700","600","3400"
2022,"North Ayrshire","LADU","1900","1100","1300","2400","1400","2100","800","3000","900","1300","2700","3600","600","c","2200","1000","1800","7300","1800","18700","4700","1100","1700","2200","2700","6000"
2022,"North Lanarkshire","LADU","7000","1600","7000","4800","7400","8400","1400","5400","2700","2700","11200","13600","2800","c","8800","4600","4200","14200","3700","40800","8800","6000","4200","6000","3000","12900"
2022,"Orkney Islands","LADU","c","c","c","c","c","1200","c","1400","c","c","c","1000","c","c","c","c","c","1000","c","1800","c","c","c","c","c","c"
2022,"Perth and Kinross","LADU","2800","2600","5100","3200","3900","3900","1900","1400","700","1300","5200","6700","500","2200","1800","2000","2700","5500","2000","18000","4600","1100","1400","1900","2700","6000"
2022,"Renfrewshire","LADU","3800","3900","6000","6100","4800","5700","1400","3100","2500","1300","7700","6700","1000","c","2200","700","1400","5900","c","24300","7700","2400","2100","2700","1700","7800"
2022,"Scottish Borders","LADU","4800","1700","3800","3300","1900","3700","c","low","1300","600","2800","3400","900","2600","1700","1500","1700","3200","1400","11800","4200","c","800","2000","1200","3400"
2022,"Shetland Islands","LADU","c","c","c","1300","1300","c","c","c","c","c","1200","c","c","c","c","c","c","700","c","3900","1300","c","c","800","c","c"
2022,"South Ayrshire","LADU","1700","1600","2100","3600","3000","1900","1500","1100","1000","800","3000","3800","900","1300","1400","1300","1100","3200","1000","11600","2400","900","1900","1700","1900","3000"
2022,"South Lanarkshire","LADU","9100","2400","7700","4000","5500","9900","4700","3100","1400","3400","8500","15100","2000","1300","6800","6100","2300","9000","4000","52600","15500","7200","5900","10000","2600","11400"
2022,"Stirling","LADU","3800","1400","3700","3800","2600","4100","low","700","c","1100","3900","2300","c","low","800","low","600","1900","900","12300","3200","low","1000","1900","1200","4600"
2022,"West Dunbartonshire","LADU","1900","1300","1200","2500","2800","1300","800","1700","500","600","3100","4700","low","700","1400","1900","low","5000","1400","10800","2200","1000","low","1900","800","4500"
2022,"West Lothian","LADU","6500","1500","4700","2600","2700","6500","3200","1900","1200","1600","5700","9900","2200","c","2700","3100","2500","5700","c","25000","6200","1300","3100","6200","c","7700"
2022,"Black Country","LEP","24400","19000","20900","29200","26700","29400","9800","23500","3200","9700","41600","57300","10300","4800","20400","20100","7100","34800","11900","142900","22700","7500","32600","23400","13600","43100"
2022,"Cheshire and Warrington","LEP","38300","12500","41300","16100","21400","35100","10200","12700","3800","6500","31900","40400","6000","4500","12700","7200","6900","31200","9700","87300","19200","5700","14000","11800","6400","29700"
2022,"Cornwall and Isles of Scilly","LEP","10600","10800","13200","11100","12200","15600","3700","6400","2100","5900","11300","25000","7500","8900","12700","10700","4800","16000","8700","68100","21500","1300","5200","12200","5400","22500"
2022,"Coventry and Warwickshire","LEP","20900","11100","47800","17900","29600","27800","13100","10300","5000","11900","37500","39800","6600","2400","19000","6700","9200","22200","7200","118800","17100","9800","10500","22100","10000","49000"
2022,"Cumbria","LEP","11900","11300","16200","11600","10700","10700","6600","6000","4000","2500","11100","20100","5100","5500","9000","6200","3400","14200","3400","67200","23200","3500","8500","8500","6000","17500"
2022,"Dorset","LEP","30900","8700","25400","19400","15200","25400","6300","8600","3700","8800","22800","28800","6000","4300","15800","13800","7500","22600","11800","72500","20500","3200","4400","11100","8000","24900"
2022,"Gloucestershire","LEP","22900","11100","31800","13700","14200","21000","5300","8500","4800","10300","21800","24200","6800","6400","13700","10800","1900","23000","5800","63300","18700","1200","8200","5900","7500","21600"
2022,"Greater Birmingham and Solihull","LEP","60400","27100","68900","53300","53200","68100","20700","30100","6100","15800","59400","83900","10000","6400","30200","20600","11800","40900","17900","230500","45400","18900","28600","36400","17600","83400"
2022,"Greater Manchester","LEP","73100","39900","106200","71100","73000","97600","31400","49500","9600","23700","97800","118700","21500","5500","29900","33600","22700","74300","24500","315600","75600","20900","24300","49800","24000","120000"
2022,"Heart of the South West","LEP","53100","31100","51800","44600","37200","47200","15200","23400","10300","11200","47400","58100","18000","14700","31200","32500","20100","58600","22800","205200","56100","10300","21900","32900","16800","66500"
2022,"Lancashire","LEP","32800","24600","39300","31800","30900","41500","13500","25000","7800","7600","38100","64000","9300","5200","24600","21900","9600","46500","11300","174500","38600","15000","21300","23700","22000","53500"
2022,"Leicester and Leicestershire","LEP","34200","11700","42900","16200","35100","28300","13000","13900","3400","8300","36600","40900","6400","4400","22300","16900","8200","38200","8400","129200","27000","8500","25000","13700","10400","44600"
2022,"Liverpool City Region","LEP","39500","22600","49300","39100","39500","52600","13500","28400","11700","10900","52700","82600","13900","2700","25000","14500","14200","46100","13200","169300","30800","16100","17100","30800","14300","58900"
2022,"North East","LEP","52400","26700","55400","43400","46600","52300","22000","27000","8100","12600","53300","85300","13500","9200","34800","28900","16100","56700","13600","239300","53500","20400","32400","30700","29600","70100"
2022,"Stoke-on-Trent and Staffordshire","LEP","40600","21200","31200","26000","32000","32200","10000","12800","8600","9500","26800","50000","7200","5100","21900","16600","13900","32400","5800","159400","33800","10300","24000","20800","13100","56700"
2022,"Swindon and Wiltshire","LEP","31000","13100","29000","12200","14300","24900","6500","10200","9800","7100","23200","31600","7100","4800","11400","12600","7100","24700","10700","72400","16800","2000","9300","10800","7200","26000"
2022,"Tees Valley","LEP","12000","7100","12400","12100","13300","14200","8400","8900","3900","4100","15500","23900","3300","2900","13300","8500","4300","24000","7900","87000","15300","9300","11300","12100","7000","31700"
2022,"Thames Valley Berkshire","LEP","44700","13200","60400","14200","23300","43200","12700","10300","5700","9400","38300","38200","6700","4900","12000","13400","8200","31000","6000","73500","14400","4300","7400","14500","5300","27200"
2022,"The Marches","LEP","24400","13100","26100","15700","19200","17300","6900","6200","2200","5800","21700","23900","6800","10100","10500","8800","5900","19300","5100","77600","14900","3600","10800","11600","12200","24300"
2022,"West of England","LEP","38700","23000","63800","29300","33300","68700","14000","22800","4000","12700","39400","50000","10700","6200","14500","17000","12400","32200","9700","120200","28100","9400","11500","18600","6100","46200"
2022,"Worcestershire","LEP","26300","6300","18100","15700","15500","19000","3800","8800","4000","5700","17000","23600","4300","3300","7100","8000","4100","19600","1900","65200","10200","6500","8600","11300","6200","21900"
2022,"Buckinghamshire","LEP","39200","9400","24800","11000","13000","23500","6600","3700","2200","7500","24200","21400","4000","1800","9400","7800","4700","14600","3100","45700","12100","4700","4800","6300","4500","13200"
2022,"Coast to Capital","LEP","82000","24600","67600","34000","46600","83800","13300","18800","11500","16800","81800","57700","9100","9100","16500","13600","14300","45300","20700","139300","35600","10600","7800","19700","7400","55100"
2022,"Derby, Derbyshire, Nottingham and Nottinghamshire","LEP","76500","31000","79300","55800","57600","64000","23000","29900","9800","12700","60100","93400","14500","8800","40700","30800","18300","74600","20800","257200","46500","19100","29300","42800","21800","96600"
2022,"Enterprise M3","LEP","88200","29700","96700","27600","32000","73800","14400","19600","8400","7200","67900","78900","14300","8500","21500","10200","7300","35900","15900","113900","32800","7800","7600","15700","6500","43400"
2022,"Hertfordshire","LEP","58900","21300","61400","33100","25800","65100","17300","13300","3400","15900","47100","64300","11300","4800","17400","13400","8800","23900","10900","94000","21900","4800","3800","21800","3600","37400"
2022,"London","LEP","448800","150800","493800","221700","247700","677300","78100","106200","23700","199800","401600","366700","83500","10800","66900","110000","77200","221100","83400","736300","177700","67800","35800","121800","50300","281200"
2022,"New Anglia","LEP","47000","35100","41800","30200","32200","47400","18200","24000","14100","11500","48100","52000","15300","10100","30900","23200","17600","58700","12700","209000","48800","17500","17600","35000","21800","67700"
2022,"Oxfordshire","LEP","27700","12000","40500","21900","30300","31100","8700","6000","2500","8900","25400","26000","6700","3000","9300","7700","8600","14500","3700","55700","10300","1600","6500","6900","5800","24500"
2022,"Sheffield City Region","LEP","33500","25300","45300","30900","33100","42800","9800","17000","8000","9000","45100","49200","12300","2400","29500","17900","10600","48400","7700","186500","38200","15900","24200","28000","11000","68800"
2022,"Solent","LEP","36800","26300","47300","26800","32500","39900","14800","14600","9500","14600","36100","54600","8000","3600","19300","18000","12400","38400","9200","140200","32400","10900","13800","21100","10700","50500"
2022,"South East","LEP","159400","72000","147400","71300","115600","143900","34700","61500","32500","32800","144300","194100","39800","21200","66700","71800","40000","135600","43000","430000","109600","28200","31800","63800","33200","163300"
2022,"South East Midlands","LEP","56100","29100","70200","27000","37400","56000","23500","19500","16300","7500","64900","77300","9900","6600","29500","22100","12300","40400","14800","223000","43100","15700","26100","39800","20200","77600"
2022,"York and North Yorkshire","LEP","30500","17000","33700","22200","24300","29100","8000","11200","6700","10000","26000","31200","7000","9800","12800","11800","9700","21500","9200","76700","19300","4700","6000","12400","8800","25500"
2022,"Greater Cambridge and Greater Peterborough","LEP","32500","12500","52900","14800","22300","24200","9200","9400","4500","13500","24800","41900","8600","5500","15400","15800","7800","23700","7800","85300","20500","6800","9600","12100","9700","26600"
2022,"Greater Lincolnshire","LEP","32300","14900","26900","19900","23800","20700","12100","19800","6400","10400","25700","39300","7900","7500","18900","15500","17700","35600","7500","152700","30000","6500","20100","25400","19100","51100"
2022,"Hull and East Yorkshire","LEP","19300","7800","15300","12500","12800","13200","6300","11000","3800","2600","15500","22800","5200","3600","11100","10100","5100","19800","4800","77200","13200","5400","10500","10000","10100","28000"
2022,"Leeds City Region","LEP","59900","35000","85700","51200","58000","78700","18800","36700","12300","22200","75200","93300","15300","9300","38100","35000","25100","57500","21200","273900","51600","23900","35300","45100","23800","93900"
2022,"//www.ons.gov.uk/news/statementsandletters/occupationaldatainonssurveys.","AN ISSUE WITH THE COLLECTION OF OCCUPATIONAL DATA AFFECTED THE ACCURACY OF THE BREAKDOWNS OF SOME DETAILED OCCUPATIONS, AND DATA DERIVED FROM THEM. WE ARE URGING CAUTION IN THE INTERPRETATION OF THESE DETAILED DATA AS WE RESOLVE THE ISSUE. HTTPS",NA,NA,NA,NA,NA,NA,NA,NA,NA,NA,NA,NA,NA,NA,NA,NA,NA,NA,NA,NA,NA,NA,NA,NA,NA,NA
2022,"Brighton and Hove, East Sussex, West Sussex","LSIP","74700","25300","65700","31800","48800","67100","11600","18100","5000","16200","82300","61000","6100","6900","15700","17800","9300","55700","17800","159300","41600","7800","2000","19500","6700","60800"
2022,"Buckinghamshire ","LSIP","39200","9400","24800","11000","13000","23500","6600","3700","2200","7500","24200","21400","4000","1800","9400","7800","4700","14600","3100","45700","12100","4700","4800","6300","4500","13200"
2022,"Cambridgeshire and Peterborough","LSIP","32400","11600","52900","13800","22400","24400","7000","7300","2600","11200","24700","41900","8200","4500","15400","14700","3600","22500","2700","85300","18400","3900","7500","11400","8500","24900"
2022,"Cheshire and Warrington","LSIP","38300","12600","41200","16100","21500","35100","10200","12700","2200","6000","31900","40300","5200","3900","12700","7200","6800","31100","9700","87400","19300","5700","14000","11800","6400","29700"
2022,"Cornwall and the Isles of Scilly","LSIP","10600","10800","13200","11100","12200","15600","3700","6400","2100","5900","11300","25000","7500","8900","12700","10700","4800","16000","8700","68100","21500","1300","5200","12200","5400","22500"
2022,"Cumbria","LSIP","11700","11300","16200","11200","10100","10300","6600","5400","2800","1300","9900","20100","2500","4700","9100","4900","2000","14200","1800","67300","23200","1700","8200","7500","5500","17500"
2022,"Derbyshire and Nottinghamshire","LSIP","76500","27600","79000","55000","56800","62300","20200","27500","7200","6500","57500","93600","8600","3600","36100","24900","13400","74000","14600","257100","45800","12800","26100","40400","12700","94800"
2022,"Dorset","LSIP","70800","22700","70000","38000","25700","53500","12600","15900","7100","8800","56900","71200","6000","4800","28900","16300","9000","45300","21900","125500","33300","3200","6000","16300","8000","44400"
2022,"Enterprise M3 LEP (including all of Surrey)","LSIP","74800","15200","67700","17500","34500","74500","6500","9200","0","5300","51000","53600","8900","7300","10900","0","2400","22900","1100","88400","24900","1600","1600","4600","0","30400"
2022,"Essex, Southend-on-Sea and Thurrock","LSIP","63300","30500","72600","30200","42800","67400","12500","20400","11100","7200","58500","93100","15000","2900","31500","33300","13300","57700","16200","193600","44900","6800","7900","26500","11100","77600"
2022,"Gloucestershire","LSIP","22900","11200","31800","13700","14200","21000","2100","6000","2400","9200","21800","24200","5600","5900","12800","10700","0","23100","4100","63200","18700","1100","7600","4700","4500","21600"
2022,"Greater Lincolnshire","LSIP","30700","11200","26200","19000","20200","18200","8400","16500","2400","8300","24900","38400","6500","1000","15700","13500","14900","35600","4000","152700","28700","3100","14700","23600","15100","51000"
2022,"Greater London","LSIP","447200","150900","491300","221700","244600","675900","59700","103900","13300","197700","400400","362300","75400","1300","63400","93200","61200","218800","74600","736300","176100","53300","20700","117200","35400","280800"
2022,"Greater Manchester","LSIP","73200","40000","106200","71000","72900","97500","31200","49600","3800","23600","97700","118800","21500","3500","29800","33700","22600","74400","24200","315700","75600","18700","23200","49900","24100","120000"
2022,"Heart of the South-West","LSIP","53200","28700","50100","43500","36500","46600","11900","20300","5100","7100","46500","58300","15400","13300","29500","30900","18300","57500","21000","205300","56100","6600","18500","33000","12900","66200"
2022,"Hertfordshire","LSIP","58900","17600","61500","33100","25300","65000","11800","10200","1500","12500","44900","64200","5300","1400","11700","10800","4400","21200","6100","93900","19400","0","0","18500","0","37400"
2022,"Hull and East Yorkshire","LSIP","19400","7800","15200","12500","12800","13300","6300","10900","3700","2700","15600","22800","5200","3600","11000","10100","5100","19700","4800","77200","13200","5400","10400","10000","10000","28100"
2022,"Kent and Medway","LSIP","71800","30700","57500","28300","50000","58800","4000","19500","7800","10300","62700","80600","13000","1700","21200","22200","13100","53700","11600","189100","40900","10200","12400","23600","7000","65200"
2022,"Lancashire","LSIP","32500","22800","37100","28800","28400","40000","9700","23100","1900","2700","36000","63200","5700","2900","24100","16400","5700","45500","6700","174500","37100","10800","15600","19600","20300","53600"
2022,"Leicester and Leicestershire","LSIP","34300","11600","41700","12700","34300","28500","10100","12700","0","5100","35400","40200","4000","0","21000","14900","3700","38200","6200","129200","26000","7500","22900","11700","8400","44700"
2022,"Liverpool City Region","LSIP","39500","22700","49400","39100","39600","52600","12200","28300","8100","10400","52700","82600","14000","2300","25100","14500","14300","46200","13100","169300","30800","15900","16300","30800","14300","58900"
2022,"Norfolk and Suffolk ","LSIP","46300","34200","41600","29100","31700","46300","15500","22600","9600","7500","46700","51400","11500","6500","27000","16600","14000","58700","7900","209000","48800","12400","13900","33200","17000","66100"
2022,"North East","LSIP","28500","16900","29200","20300","22000","27400","11200","15500","4100","6800","32400","52200","8700","3400","24900","18500","8500","34700","8900","149500","33600","14300","25500","16500","18600","39300"
2022,"North of Tyne","LSIP","23900","9900","26300","23200","24700","24800","10800","11500","3700","5800","21100","33200","4800","4800","10000","10400","7100","22000","4700","89800","19800","6200","6800","14200","11200","30800"
2022,"Oxfordshire","LSIP","27700","10900","40400","21900","30400","31100","8700","3300","0","6900","25500","26100","5300","3000","7500","5800","6400","14500","1700","55700","7900","0","5700","3500","4400","24500"
2022,"Solent","LSIP","36800","26200","47200","26300","32500","38300","14100","13300","8100","14000","36100","54600","6600","3000","19000","16300","10300","38300","8900","140300","32300","10100","13400","21100","8600","50600"
2022,"South East Midlands","LSIP","56000","29100","70400","26900","37200","56000","23400","19400","16500","6900","65000","77200","9700","5500","29600","22100","12000","40500","14800","222900","43100","14100","26200","38500","19100","77600"
2022,"South Yorkshire","LSIP","33500","25300","45300","30900","33100","42800","9900","17000","7900","8700","45100","49200","12300","1800","29500","17800","10500","48600","7700","186500","38200","15900","24200","28000","11000","68800"
2022,"Stoke-on-Trent and Staffordshire","LSIP","39600","20300","31300","25800","32000","32300","7500","9700","3800","5100","26700","50000","3200","2900","21800","13900","10600","31100","2400","159500","33800","7300","20200","20300","7500","56700"
2022,"Swindon and Wiltshire","LSIP","31000","13100","28900","12300","14400","24900","6500","10300","9300","7100","23200","31500","7100","4800","11400","12600","7100","24600","10700","72400","16800","2000","9300","10900","7200","26000"
2022,"Tees Valley","LSIP","12000","7100","12400","12100","13200","14300","8400","8800","3900","4000","15500","23900","2900","2600","13200","8500","3700","24000","7500","87000","15300","9300","11300","12000","7000","31600"
2022,"Thames Valley Berkshire","LSIP","44700","13300","60300","14100","23300","43200","12800","10400","4400","8900","38300","38200","6400","4100","11900","13100","8200","31000","5700","73400","14400","3700","7200","14500","4900","27200"
2022,"The Marches","LSIP","24300","13100","26100","15800","19200","17300","6800","6100","1300","5800","21800","23900","6800","10100","10500","8800","5900","19300","5000","77500","15000","3600","10800","11700","12200","24300"
2022,"West Midlands and Warwickshire","LSIP","78800","42700","118500","81900","92100","104800","34500","56500","8600","29400","119900","155700","21200","8900","57500","35700","15500","86200","33800","403100","66500","27300","54700","71000","33200","146100"
2022,"West of England and North Somerset","LSIP","38700","23100","63700","29200","33200","68700","14000","22800","3700","12700","39400","50000","10700","6200","14500","17000","12500","32200","9300","120100","28000","9400","11400","18300","6100","46200"
2022,"West Yorkshire","LSIP","59800","34900","85700","51100","57900","78600","18700","36700","12400","22100","75300","93300","15200","9000","38100","34900","25100","57600","21200","273900","51500","24000","35300","45100","23700","93900"
2022,"Worcestershire","LSIP","26400","5700","17600","15800","15100","19000","1400","7400","1800","4500","16400","23700","3100","1400","5600","5700","1100","19000","0","65100","8300","5200","8400","11000","3700","21900"
2022,"York and North Yorkshire","LSIP","30500","15300","33700","21400","23600","28600","6200","9300","4900","6800","26100","31300","4200","8400","10400","10500","6800","20500","7900","76600","18300","3100","2900","12400","6500","24500"
