"area","geographic_level","year","2 total  aged 16 64 nvq1","3 total  aged 16 64 nvq2","4 total  aged 16 64 trade apprenticeships","5 total  aged 16 64 nvq3","6 total  aged 16 64 nvq4","23 total  aged 16 19 nvq1","24 total  aged 16 19 nvq2","25 total  aged 16 19 trade apprenticeships","26 total  aged 16 19 nvq3","27 total  aged 16 19 nvq4","30 total  aged 20 24 nvq1","31 total  aged 20 24 nvq2","32 total  aged 20 24 trade apprenticeships","33 total  aged 20 24 nvq3","34 total  aged 20 24 nvq4","37 total  aged 25 29 nvq1","38 total  aged 25 29 nvq2","39 total  aged 25 29 trade apprenticeships","40 total  aged 25 29 nvq3","41 total  aged 25 29 nvq4","44 total  aged 30 39 nvq1","45 total  aged 30 39 nvq2","46 total  aged 30 39 trade apprenticeships","47 total  aged 30 39 nvq3","48 total  aged 30 39 nvq4","51 total  aged 40 49 nvq1","52 total  aged 40 49 nvq2","53 total  aged 40 49 trade apprenticeships","54 total  aged 40 49 nvq3","55 total  aged 40 49 nvq4","58 total  aged 50 64 nvq1","59 total  aged 50 64 nvq2","60 total  aged 50 64 trade apprenticeships","61 total  aged 50 64 nvq3","62 total  aged 50 64 nvq4"
"Babergh","LADU",2021,"7300","10900","1700","6800","21400","c","c","c","c","c","c","c","c","1700","2300","c","1200","c","c","c","c","2000","c","1200","3600","c","1600","c","c","4800","3700","4900","1700","2900","9800"
"Basildon","LADU",2021,"16100","22300","4300","21200","41600","c","3500","c","1900","c","c","c","c","3800","4400","2800","c","c","4100","4500","2400","2100","c","5700","13200","4500","5400","c","3100","9300","5200","9300","c","2600","10100"
"Bedford","LADU",2021,"6200","17800","2400","14100","51700","c","6100","c","1800","c","c","1800","c","1900","2300","c","c","c","c","7300","1100","4100","c","3300","15900","2300","1900","c","2400","11000","2000","3400","1600","3800","15200"
"Braintree","LADU",2021,"16100","20500","2800","19500","23900","c","3800","c","c","c","2900","c","c","4100","c","c","2800","c","c","7700","2600","3900","c","c","4600","2700","3100","c","4700","6000","7200","6900","1400","6600","5500"
"Breckland","LADU",2021,"11000","15300","3100","16900","22500","c","c","c","2800","c","c","3700","c","c","c","c","c","c","2200","2300","c","2700","c","3200","4500","c","2500","c","2200","3400","7000","4000","c","5400","11100"
"Brentwood","LADU",2021,"8900","13100","1000","6800","16600","c","1700","c","c","c","c","c","c","2300","3300","c","c","c","c","c","c","c","c","c","4400","4200","1200","c","c","1300","4000","8200","c","1300","7100"
"Broadland","LADU",2021,"8500","15100","2900","11500","25100","c","2100","c","c","c","c","c","c","2700","2400","c","c","c","c","2100","c","c","c","2300","5000","2100","2500","c","2100","7900","4600","7000","1600","3800","7700"
"Broxbourne","LADU",2021,"7900","11800","2200","10300","17500","c","1700","c","1700","c","c","c","c","c","c","c","c","c","c","c","c","3400","c","2200","11700","1700","1600","c","2700","2700","3300","3200","c","c","1200"
"Cambridge","LADU",2021,"2600","10200","2100","11000","53600","c","3200","c","c","c","c","c","c","c","4700","c","c","c","c","7100","c","c","c","2600","14700","c","c","c","2300","11200","1900","2500","1300","c","16000"
"Castle Point","LADU",2021,"4800","13100","1500","5200","16700","c","3400","c","c","c","c","c","c","c","3300","c","c","c","c","c","c","c","c","c","2700","c","3300","c","1500","3700","2300","6000","c","1500","5100"
"Central Bedfordshire","LADU",2021,"22900","25800","6200","35400","76600","1300","5000","c","3700","1300","c","2900","c","3400","4700","c","c","c","4400","12700","4300","3900","c","9500","20400","4600","5200","c","4000","18200","11400","8000","4500","10400","19400"
"Chelmsford","LADU",2021,"11800","19300","2900","21600","44600","c","5000","c","2500","c","c","c","c","2100","2000","c","c","c","c","2100","2200","c","c","7100","17600","1500","5900","c","3500","12700","6000","5800","c","5500","10200"
"Colchester","LADU",2021,"15700","22100","3700","19800","46700","c","c","c","c","c","c","1800","c","c","c","c","3900","c","5300","3400","c","2200","c","5300","21100","c","4700","c","3700","10000","8900","8200","1800","3800","10500"
"Dacorum","LADU",2021,"9500","22500","5800","7100","38000","c","3200","c","1300","c","c","3600","c","c","2000","c","3200","c","c","2700","c","2200","c","1700","10000","2100","2700","c","c","12100","5000","7600","3400","1800","11100"
"East Cambridgeshire","LADU",2021,"6800","8900","c","13600","18300","c","2600","c","c","c","c","c","c","c","c","c","c","c","2400","2500","c","1700","c","4100","5100","c","1000","c","2100","5400","4300","2300","c","2200","5200"
"East Hertfordshire","LADU",2021,"10600","13300","3000","12500","45500","c","2200","c","2200","c","c","2900","c","c","3600","c","c","c","c","4200","c","c","c","1900","10000","1400","c","c","1800","12600","8000","4900","c","4100","15200"
"East Suffolk","LADU",2021,"18500","26600","2700","19400","51400","c","5900","c","1900","c","c","c","c","2700","2600","c","c","c","2200","4000","3600","6000","c","2200","9400","2900","4800","c","4500","14300","9800","8000","c","5900","21200"
"Epping Forest","LADU",2021,"10100","14400","1700","10000","35400","c","3600","c","c","c","c","1600","c","1400","4200","c","c","c","c","4700","c","2500","c","2900","6100","4100","c","c","1400","7600","3600","4900","c","3400","12700"
"Fenland","LADU",2021,"6000","11700","c","14100","10500","c","c","c","c","c","c","3800","c","c","c","c","c","c","1900","2000","2900","c","c","2500","2000","c","2500","c","3500","1900","1900","2500","c","3300","3800"
"Great Yarmouth","LADU",2021,"5300","10600","3700","15100","13800","c","c","c","2400","c","c","c","c","c","c","c","c","c","5500","c","2900","c","c","2400","5100","c","6600","c","1700","2500","2400","c","2500","3000","5100"
"Harlow","LADU",2021,"11200","9800","3000","6300","13200","c","c","c","c","c","c","c","c","c","c","c","c","c","c","3800","2000","c","c","c","3100","3400","3000","c","c","3700","4300","2700","1200","2300","1500"
"Hertsmere","LADU",2021,"4300","9400","c","9200","31200","c","1900","c","c","c","c","c","c","c","c","c","c","c","c","3100","c","2800","c","3700","10300","c","1100","c","2900","8000","1700","1800","c","c","8200"
"Huntingdonshire","LADU",2021,"14000","18000","2000","23900","41100","1700","2400","c","2700","c","c","4500","c","4600","2000","c","c","c","c","5400","c","1300","c","4200","8900","3700","3700","c","4100","12700","6700","5300","2000","6100","12100"
"Ipswich","LADU",2021,"11300","15700","3600","13300","32800","c","c","c","c","c","c","c","c","c","c","c","c","c","2800","5700","2900","3900","c","3100","12000","2500","4700","c","2300","9700","3900","4000","c","3000","4800"
"King's Lynn and West Norfolk","LADU",2021,"14500","14100","3700","16700","25300","1900","2900","c","1800","c","2600","2000","c","2300","c","c","c","c","1800","2000","1300","3100","c","3500","7700","2400","1700","c","4600","6700","4700","3900","1800","2800","8600"
"Luton","LADU",2021,"9900","23900","3100","22700","52100","1100","4200","c","900","c","c","4300","c","5300","4100","1200","1400","c","3600","4500","1200","3200","c","3600","15200","2100","4400","c","2800","15600","3500","6300","1600","6600","12700"
"Maldon","LADU",2021,"6900","9000","c","7500","11700","c","c","c","c","c","c","c","c","c","c","c","3300","c","c","3000","c","c","c","c","2000","c","c","c","c","c","2100","2800","c","2200","5100"
"Mid Suffolk","LADU",2021,"4600","11000","c","15400","23400","c","2100","c","1600","c","c","c","c","3200","1200","c","1500","c","1900","2900","c","c","c","2000","6800","1400","2300","c","1900","3500","1700","3100","c","4800","9000"
"North Hertfordshire","LADU",2021,"2800","13500","c","14400","49500","c","2500","c","2700","c","c","c","c","3300","5600","c","c","c","c","7000","c","c","c","c","9100","c","4000","c","2200","12000","2800","6300","c","4000","14800"
"North Norfolk","LADU",2021,"9000","10300","3300","9500","17400","2000","c","c","c","c","c","c","c","c","c","c","c","c","3000","c","c","2700","c","c","3200","1200","c","c","c","4700","4700","3200","1700","3200","8500"
"Norwich","LADU",2021,"9200","11200","1800","23200","39300","c","c","c","c","c","c","c","c","7700","4100","c","c","c","4500","7600","c","4400","c","6500","12000","c","c","c","2900","6600","5100","3000","c","1600","8800"
"Peterborough","LADU",2021,"14600","18000","2300","27100","45400","2000","3000","c","2100","900","2100","c","c","3700","3200","c","2000","c","4900","4300","2900","2100","c","7100","11100","1800","5100","c","2500","9600","5500","5800","1200","6700","16300"
"Rochford","LADU",2021,"7300","11100","c","12400","15900","c","1500","c","c","c","c","c","c","2100","1500","c","c","c","c","1700","2700","1500","c","4900","4200","c","3000","c","1900","5600","3400","3400","c","2500","2900"
"South Cambridgeshire","LADU",2021,"6200","7700","2700","12400","59000","2800","3800","c","1600","c","c","c","c","2500","2100","c","c","c","c","3600","c","c","c","1200","16400","c","c","c","2300","20000","2700","1500","1000","4100","16800"
"South Norfolk","LADU",2021,"10000","11300","2900","19700","29700","c","c","c","c","c","c","c","c","5600","c","c","c","c","2400","4000","3400","c","c","3000","3000","c","2900","c","4300","9200","5400","5700","1900","4000","12700"
"Southend-on-Sea","LADU",2021,"13800","20800","3200","18600","42400","800","3800","c","1200","c","c","1400","c","2600","2100","1300","1500","c","2000","4000","1700","3700","c","3900","10700","3500","3900","1200","2800","12800","6300","6500","1100","6200","12800"
"St Albans","LADU",2021,"5100","10200","c","8800","60300","c","2300","c","1800","c","c","c","c","c","5700","c","c","c","c","9800","c","3400","c","c","13200","1600","c","c","2700","20300","1200","3400","c","1900","11300"
"Stevenage","LADU",2021,"5600","9200","c","9300","24400","c","c","c","c","c","c","c","c","c","c","c","c","c","2200","2900","c","c","c","2800","8300","c","c","c","1700","4700","1500","4400","c","2700","7900"
"Tendring","LADU",2021,"13900","13100","1200","11200","23100","c","c","c","c","c","c","c","c","1900","c","c","c","c","c","2600","1800","3100","c","2300","5200","2400","2800","c","1300","5100","9000","4600","1200","3800","8100"
"Three Rivers","LADU",2021,"5500","8900","2800","9200","26400","c","3100","c","c","c","c","c","c","c","1900","c","c","c","c","c","c","c","c","c","7600","c","1900","c","5200","10500","4600","2500","1800","1600","5800"
"Thurrock","LADU",2021,"15600","24100","3700","18400","29900","2800","6300","c","1000","c","c","1000","c","3200","1400","c","1300","c","3400","3000","4500","4000","900","4300","9100","3100","5300","c","3000","9300","4600","6200","1900","3500","6800"
"Uttlesford","LADU",2021,"4300","8000","1400","8000","29700","c","2100","c","c","c","c","c","c","c","2300","c","c","c","1400","3800","c","c","c","c","5100","c","1800","c","1500","9100","2600","2500","c","2400","9400"
"Watford","LADU",2021,"5600","8500","1100","9200","34800","c","2200","c","2400","c","c","c","c","c","1700","c","c","c","c","3300","1100","c","c","c","13200","1400","1200","c","2700","8300","2600","1600","c","2100","8500"
"Welwyn Hatfield","LADU",2021,"11700","10700","1900","10900","38000","c","2300","c","c","c","c","c","c","c","4100","c","c","c","c","c","c","3300","c","c","10700","2100","c","c","2000","11900","7900","3700","1900","5100","9300"
"West Suffolk","LADU",2021,"19200","14200","7000","15900","29600","2900","c","c","c","c","c","1400","1600","3100","2200","1500","2400","c","1700","5100","c","2300","1700","3100","7400","3000","1200","c","3000","5800","9700","6700","2800","4800","8800"
"Amber Valley","LADU",2021,"11200","12400","4400","15600","22900","c","c","c","c","c","2500","c","c","3000","c","c","c","c","c","c","c","c","c","3300","4800","c","3000","1600","3600","6900","5900","5600","1600","4800","9800"
"Ashfield","LADU",2021,"12500","12100","7600","12100","23300","c","c","c","c","c","c","c","c","c","c","c","2600","c","c","3500","c","2000","c","4300","8800","2300","1700","2300","3300","2000","6600","4700","2000","1800","6500"
"Bassetlaw","LADU",2021,"12000","12000","1900","14000","21800","c","2500","c","c","c","c","2900","c","c","c","c","c","c","3100","4000","c","c","c","4500","3800","3000","c","c","c","3800","5700","4600","1400","4000","10200"
"Blaby","LADU",2021,"5200","10200","1900","11600","25400","c","2300","c","c","c","c","c","c","3000","c","c","c","c","c","3800","c","1900","c","c","7000","2700","c","c","2800","5100","1200","3700","1200","3300","7300"
"Bolsover","LADU",2021,"4800","11400","c","5900","20900","c","c","c","c","c","c","c","c","c","c","c","c","c","c","2600","c","c","c","c","5900","c","c","c","c","3400","c","7400","c","2900","8200"
"Boston","LADU",2021,"4100","8500","2200","7500","10800","c","c","c","c","c","c","c","c","c","c","c","c","c","c","c","c","c","c","c","2000","c","c","c","c","2800","3000","3700","2200","1300","2300"
"Broxtowe","LADU",2021,"9000","14300","4600","8100","25300","c","1900","c","c","c","c","2600","c","c","c","c","1900","c","c","5600","c","1700","c","1900","6900","c","1700","c","2200","4000","4400","4600","1100","1700","7400"
"Charnwood","LADU",2021,"7300","22700","4500","27100","48300","c","4100","c","c","c","c","c","c","6900","6700","c","c","c","c","5900","1700","7700","c","7300","12700","1700","2700","c","4100","11600","3400","5300","1100","7300","11400"
"Chesterfield","LADU",2021,"7400","11500","2100","12700","23700","c","c","c","c","c","c","2400","c","3000","3800","c","c","c","3200","4500","c","2900","c","1700","5000","1300","2500","c","2900","3900","3900","2900","c","1500","6000"
"Derby","LADU",2021,"17800","20500","5500","24900","67200","2200","3800","c","1900","c","1900","3500","c","3400","3700","c","2200","c","4300","5400","3100","3800","1500","6800","21000","1300","2200","800","3500","18900","8400","4900","1500","5000","17900"
"Derbyshire Dales","LADU",2021,"2300","5100","1000","9400","17900","c","1500","c","c","c","c","c","c","c","c","c","c","c","1600","c","c","c","c","2000","2200","c","1000","c","c","3800","1400","1300","1000","3800","10500"
"East Lindsey","LADU",2021,"8400","10000","1700","10500","17300","c","2500","c","c","c","c","c","c","c","c","c","c","c","c","c","c","1600","c","4700","c","2000","2500","c","1300","4300","4500","3300","1200","1600","9900"
"Erewash","LADU",2021,"12300","9700","1900","13600","26500","c","2600","c","c","c","c","c","c","2400","c","c","c","c","c","4300","c","3400","c","2100","5600","3800","1200","c","2600","7000","2900","1800","1900","4800","7600"
"Gedling","LADU",2021,"6700","16800","2600","15200","25300","c","5600","c","c","c","c","3300","c","5000","2700","c","c","c","c","4000","c","c","c","2100","4400","1200","900","c","3500","7100","3000","5700","1100","3800","7100"
"Harborough","LADU",2021,"5000","5500","c","12800","23900","c","2600","c","c","c","c","c","c","c","c","c","c","c","c","2900","1500","c","c","2000","4100","1200","1100","c","4700","9300","1800","1100","c","3500","6900"
"High Peak","LADU",2021,"9200","8800","c","10200","20600","c","3000","c","c","c","c","c","c","c","c","3000","c","c","2800","5000","c","c","c","1700","3200","c","c","c","c","5100","5500","2800","c","3500","7300"
"Hinckley and Bosworth","LADU",2021,"6300","17000","4000","10100","22000","1700","c","c","c","c","c","3600","c","c","c","c","1500","c","1800","5400","c","2000","c","c","3600","c","2600","c","2100","4900","3800","5900","2000","3800","7700"
"Leicester","LADU",2021,"17900","35500","2800","44400","82300","2300","6400","c","4000","1800","2900","2600","c","17500","4600","3000","3900","c","2300","14400","5200","6500","c","10500","21200","c","7700","c","5500","19000","4100","8400","1400","4600","21300"
"Lincoln","LADU",2021,"10700","9900","1700","9000","22100","c","1500","c","c","c","c","2800","c","c","2500","c","c","c","c","c","c","c","c","2900","9000","2100","1900","c","1800","4100","3200","2000","c","2300","4700"
"Mansfield","LADU",2021,"12900","11900","c","13900","11200","c","1200","c","c","c","c","3600","c","3000","c","c","c","c","c","c","2900","c","c","1600","1700","2900","c","c","5200","4400","3100","2100","c","1800","5000"
"Melton","LADU",2021,"4100","4800","1800","6800","9000","c","c","c","c","c","c","c","c","c","c","c","c","c","c","2000","c","c","c","1400","c","c","1100","c","c","5200","2000","1400","c","2100","1200"
"Newark and Sherwood","LADU",2021,"3500","13200","2700","18400","24000","c","3300","c","c","c","c","c","c","4400","2800","c","c","c","4100","2400","c","c","c","2900","2800","c","2800","2200","1800","6400","1700","4500","c","4800","9500"
"North East Derbyshire","LADU",2021,"3200","12100","5200","9000","25400","c","3000","c","c","c","c","c","c","c","c","c","c","c","c","c","c","2300","c","c","5800","c","3300","c","4700","8600","c","3500","c","3700","10100"
"North Kesteven","LADU",2021,"9700","12600","1200","8200","28200","c","1900","c","c","c","c","c","c","1600","c","c","2200","c","c","2800","1800","c","c","3200","6600","1700","2600","c","c","9700","4400","4600","c","1200","7900"
"North Northamptonshire","LADU",2021,"28900","43400","7800","46000","62500","1400","9900","c","6300","c","3000","1600","c","9900","6500","3200","1800","c","6100","11300","3200","6500","1900","8000","10100","4600","10300","c","5900","12800","13500","13200","3500","9800","21200"
"North West Leicestershire","LADU",2021,"7300","7900","2200","9600","29700","c","1800","c","c","c","c","c","c","2000","c","1300","c","c","c","3000","c","c","c","2800","10100","c","2700","c","1700","7900","4100","2300","c","2200","6900"
"Nottingham","LADU",2021,"25300","25100","6100","33200","93300","4800","3200","c","2600","c","4700","1800","c","8200","15200","2300","1800","1500","3700","10700","4100","4900","1400","6900","27800","3100","4100","c","3500","20600","6300","9300","1300","8200","18200"
"Oadby and Wigston","LADU",2021,"2100","4700","c","5400","13200","c","c","c","c","c","c","c","c","c","c","c","c","c","c","c","c","c","c","c","1800","c","c","c","c","4500","2100","2800","c","3100","4400"
"Rushcliffe","LADU",2021,"5600","9300","2300","11300","35800","c","4700","c","c","c","c","c","c","3700","c","c","c","c","c","7100","c","c","c","c","9200","1000","1100","c","2600","10200","2600","2700","2000","3500","9200"
"Rutland","LADU",2021,"2200","3900","c","3900","8600","c","600","c","c","c","c","c","c","low","c","c","c","c","500","low","c","low","c","low","1400","low","low","c","600","1900","900","1900","c","1900","4800"
"South Derbyshire","LADU",2021,"11400","9000","2500","11500","21000","c","1300","c","1600","c","c","4600","c","c","c","c","c","c","2500","1700","2900","1200","c","2300","7100","2500","c","c","2100","6300","3600","1700","700","2200","5400"
"South Holland","LADU",2021,"6900","18900","3900","10800","10500","c","c","c","c","c","c","c","c","c","c","c","c","c","c","c","c","3900","c","c","5100","c","3800","c","4100","c","5100","6100","c","3800","3300"
"South Kesteven","LADU",2021,"9400","14200","4000","16900","35500","c","3100","c","c","c","c","c","c","c","c","c","c","c","6900","7100","c","c","c","3800","7800","c","1600","c","1900","6400","5500","8400","1700","3100","13600"
"West Lindsey","LADU",2021,"10200","5600","3200","8100","18900","c","c","c","c","c","c","c","c","c","c","c","c","c","c","c","c","c","1700","c","5400","3400","1300","c","1800","5800","3700","2400","1400","3100","5900"
"West Northamptonshire","LADU",2021,"32300","47100","13300","51200","76000","3500","10000","c","6400","c","c","c","c","5100","3800","4100","4400","c","6700","5700","4000","6300","2300","12700","19700","2100","8700","1800","5800","24200","15700","16500","7100","14500","22600"
"Barking and Dagenham","LADU",2021,"14000","17300","2600","24400","51500","c","3700","c","c","c","c","c","c","4600","4800","c","c","c","4500","5800","3800","c","c","5000","19200","c","4100","c","5700","13500","6200","4900","1300","3100","7600"
"Barnet","LADU",2021,"12600","21900","1900","26400","146200","c","9700","c","2000","c","c","c","c","5900","16400","c","c","c","c","21300","c","1200","c","3600","43200","2400","3000","c","7200","32900","5700","5200","c","6200","32300"
"Bexley","LADU",2021,"16100","26400","1100","28000","67300","c","5600","c","3000","c","c","1700","c","4500","8600","c","1800","c","3900","11400","5300","4500","c","6000","18800","2600","5000","c","4800","14600","5200","7700","1100","5800","13700"
"Brent","LADU",2021,"10800","23200","c","27600","111900","c","11500","c","6300","c","c","c","c","6200","9900","c","c","c","c","13400","c","c","c","3800","32800","c","3500","c","4000","27600","3500","7100","c","7200","28300"
"Bromley","LADU",2021,"15500","27400","2700","27300","122300","c","7700","c","3300","c","c","c","c","4400","5400","c","c","c","5000","10700","c","4800","c","1800","37000","3000","4500","c","4500","34100","5600","7800","1500","8400","35000"
"Camden","LADU",2021,"12600","9500","c","24800","122600","c","c","c","c","c","c","c","c","10900","5600","c","c","c","c","14700","c","c","c","7400","37900","c","c","c","c","30200","3600","2500","c","3800","34200"
"City of London","LADU",2021,"c","c","c","c","24200","c","c","c","c","c","c","c","c","c","c","c","c","c","c","c","c","c","c","c","9900","c","c","c","c","c","c","c","c","c","c"
"Croydon","LADU",2021,"19300","31800","4200","34900","126600","c","9000","c","4500","c","c","c","c","6700","4800","c","3900","c","6500","17300","3000","5400","c","6100","42500","5700","3400","c","6900","32600","8200","8200","1400","4200","29400"
"Ealing","LADU",2021,"6600","16600","1800","19100","148300","c","1500","c","3900","c","c","c","c","c","10800","c","4200","c","c","21500","3000","2200","c","5400","41600","c","3800","c","c","38800","2600","4900","1800","5000","35500"
"Enfield","LADU",2021,"16100","23400","4300","39100","109200","c","5600","c","3800","c","c","3700","c","8000","13300","c","c","c","4100","19500","4700","c","c","7400","27100","4000","1600","c","8500","23800","6200","9700","c","7400","25500"
"Greenwich","LADU",2021,"13500","18900","1800","23600","118700","c","2800","c","3800","c","2100","c","c","3400","9500","c","c","c","2400","16400","3600","3500","c","6300","41700","2300","1900","c","5300","28000","4900","9800","700","2400","23000"
"Hackney","LADU",2021,"9200","10900","c","15500","152300","5400","4300","c","c","c","c","c","c","c","c","c","c","c","4800","28000","c","c","c","c","68200","c","c","c","c","25700","c","2500","c","c","29000"
"Hammersmith and Fulham","LADU",2021,"2700","8700","c","10400","94300","c","2200","c","1600","c","c","c","c","c","8500","c","c","c","c","17600","c","c","c","2300","33200","c","1900","c","c","26100","700","1700","c","4300","9000"
"Haringey","LADU",2021,"9500","20100","1700","25300","109500","c","8300","c","2400","c","3700","c","c","8400","4500","c","c","c","c","13700","c","1800","c","3300","40200","1600","4900","c","4300","21800","2700","5100","c","2300","28400"
"Harrow","LADU",2021,"6600","22200","c","21300","89800","1400","7500","c","1800","c","c","3100","c","3600","2300","c","c","c","2100","13600","c","1600","c","3900","29100","1900","2200","c","3300","24700","3300","6700","c","6500","19600"
"Havering","LADU",2021,"19300","22200","4600","31900","61800","c","2000","c","1900","c","1900","1900","c","5800","6800","c","3100","2100","7600","15500","c","5500","c","5800","17900","3500","3300","c","3900","11800","9700","6400","1800","7000","9100"
"Hillingdon","LADU",2021,"13900","21800","4400","30800","98900","c","7700","c","3100","c","c","5700","c","7100","8000","c","c","c","c","12800","c","2700","c","6100","28100","2000","c","c","5300","27300","6300","2700","2700","8300","22600"
"Hounslow","LADU",2021,"15200","13900","c","21400","102900","c","6500","c","c","c","c","c","c","6000","4200","c","c","c","4000","14200","3600","c","c","2400","36100","3300","2700","c","3400","21800","7300","3100","c","4500","26500"
"Islington","LADU",2021,"5000","13300","c","14900","124200","c","7500","c","c","c","c","c","c","2400","10400","c","c","c","c","28000","c","c","c","c","36800","c","1400","c","3000","23400","2700","2200","c","6500","25600"
"Kensington and Chelsea","LADU",2021,"7000","7000","c","11400","65700","2800","3300","c","2200","c","c","c","c","2100","c","c","c","c","c","3100","c","c","c","1500","20500","2500","c","c","c","18400","1800","1400","c","4400","22200"
"Kingston upon Thames","LADU",2021,"6800","11100","1100","14400","78400","1200","2800","c","1700","c","c","1600","c","3200","5000","c","1300","c","1300","7400","1500","1100","c","3200","21400","1200","2100","c","3000","20200","2300","2300","c","2000","24400"
"Lambeth","LADU",2021,"5500","10100","c","24400","184500","c","2800","c","c","c","c","c","c","9000","18900","c","c","c","c","43700","3300","c","c","5700","53700","c","c","c","3600","36500","c","6100","c","3800","31800"
"Lewisham","LADU",2021,"16000","16900","c","14800","147100","1500","8900","c","c","c","c","c","c","2700","7800","c","c","c","c","32000","c","c","c","3700","60800","5000","2000","c","1500","18600","5400","3400","c","5600","27300"
"Merton","LADU",2021,"4300","17200","c","13100","94000","c","5200","c","1400","c","c","1800","c","c","3600","c","c","c","1200","6700","c","3000","c","2100","30400","c","1100","c","4000","29900","1900","5400","c","3100","23500"
"Newham","LADU",2021,"14200","23200","3100","27200","140600","c","8100","c","c","c","c","2800","c","7800","14500","4500","6300","c","c","32200","4200","2400","c","3900","60500","2200","1700","c","6000","14700","2300","2000","c","5300","17100"
"Redbridge","LADU",2021,"10700","21300","c","28800","105000","c","6400","c","5500","c","c","c","c","9400","7000","c","c","c","c","12100","c","c","c","2400","34700","3400","2800","c","4300","28100","2500","8800","c","5000","22400"
"Richmond upon Thames","LADU",2021,"4100","11200","1600","13400","88700","c","4100","c","1400","c","c","c","c","2900","6300","c","c","c","2400","3600","c","c","c","1900","25600","c","1700","c","1600","24600","2200","2300","1300","3200","28200"
"Southwark","LADU",2021,"17200","24000","c","26300","134300","c","4300","c","6900","c","3200","c","c","3800","9300","c","c","c","2900","23300","3200","4500","c","2200","62100","3500","5100","c","4200","23700","7300","7800","c","6200","16000"
"Sutton","LADU",2021,"6500","15600","4500","19800","70000","1500","3800","c","1800","c","c","1100","1800","4000","4600","c","c","c","1600","10300","1200","3200","c","1700","23500","c","1400","c","3200","18700","1800","5400","2000","7500","12200"
"Tower Hamlets","LADU",2021,"14800","28900","c","30400","125000","c","10100","c","c","c","c","4000","c","11600","16700","c","c","c","c","22900","4600","2700","c","9500","53200","3900","4000","c","3500","20900","c","5400","c","2000","11300"
"Waltham Forest","LADU",2021,"11200","22900","1900","20700","115800","c","8400","c","2500","c","c","c","c","3400","2800","c","c","c","c","13600","c","3100","c","3600","48500","5200","3000","c","3600","26600","2700","8400","c","7700","24400"
"Wandsworth","LADU",2021,"5400","20900","c","22900","165200","c","6700","c","2300","c","c","3100","c","6000","14700","c","c","c","2500","27000","c","4000","c","c","59100","c","c","c","3300","43200","3600","4200","c","6600","21200"
"Westminster","LADU",2021,"4900","7700","c","16800","106900","c","2300","c","2000","c","c","c","c","4700","7300","c","c","c","c","24200","c","c","c","c","23100","c","c","c","c","18900","3700","c","c","4100","33500"
"County Durham","LADU",2021,"24900","71500","11600","58600","104700","1500","13400","c","3100","c","c","5200","2300","12000","9400","c","10100","2100","10800","10900","2900","6400","2600","12300","22600","4600","13600","700","6600","25600","13900","22900","3900","13800","35400"
"Darlington","LADU",2021,"6300","9800","2800","12600","24400","700","1700","c","900","c","600","1100","c","1700","1300","c","800","c","1200","3000","1500","1200","900","2500","5300","low","1600","low","2700","5600","3100","3600","1100","3600","9100"
"Gateshead","LADU",2021,"15000","21700","4700","21300","46900","1700","4300","c","c","c","2000","2600","c","5200","2600","c","1600","c","3000","6000","1500","1400","c","2600","16700","2300","3200","c","4300","11700","6600","8600","3400","5900","9100"
"Hartlepool","LADU",2021,"6200","9600","2100","13700","17100","low","700","c","500","c","1000","2100","c","2300","1600","c","700","low","1700","3000","900","2000","low","3500","2900","1200","1000","low","2200","3700","2800","3200","700","3400","6000"
"Middlesbrough","LADU",2021,"10200","18300","3400","15800","24800","900","3200","c","1000","c","1400","1200","c","2900","1000","1400","1300","c","1200","3600","1500","3300","700","3000","8800","1200","3400","c","3400","5000","3900","5900","1500","4200","6400"
"Newcastle upon Tyne","LADU",2021,"15200","22500","4500","34600","87900","c","3600","c","3100","c","1900","1800","c","13100","11300","1400","2900","c","4300","14100","2800","5500","c","6400","23500","c","2600","c","2500","18600","7800","6100","1800","5100","20500"
"North Tyneside","LADU",2021,"12600","17100","5500","22700","51000","2000","4400","c","2600","c","1900","900","1000","4400","3500","1100","c","c","700","7500","600","3800","1100","3900","15000","2100","3100","500","4100","13100","4800","4900","2300","7100","11300"
"Northumberland","LADU",2021,"16200","36100","9700","30300","64100","1100","6700","c","1300","c","1600","1600","c","5600","2200","c","1300","c","2700","3200","2400","10600","1700","7100","14500","2800","4700","1100","6100","14700","7800","11200","5200","7400","28800"
"Redcar and Cleveland","LADU",2021,"7500","16800","3700","13900","26500","c","3200","c","c","c","800","1500","c","2300","1500","c","700","600","2400","5600","500","3000","low","2800","4300","1000","2700","600","2000","6300","4400","5800","1800","4000","8800"
"South Tyneside","LADU",2021,"10900","18700","4500","15100","26600","1000","2900","c","700","c","1700","1500","c","1900","2000","c","1300","700","1700","5800","1500","3700","500","3100","5700","1900","2900","low","3400","5100","4300","6400","2200","4300","7500"
"Stockton-on-Tees","LADU",2021,"15000","19500","4600","25200","42800","2200","4400","c","2600","c","1000","2800","c","3400","3000","c","1500","1000","2300","5400","2600","2300","1300","6900","11400","2900","2100","c","4800","11400","5700","6400","1700","5200","11400"
"Sunderland","LADU",2021,"20800","38000","6200","29100","42700","1800","5000","c","2000","c","c","4000","c","4900","3200","c","2500","c","2700","5100","5600","6400","1200","6300","11500","2800","6400","c","6100","11100","9700","13600","4000","6900","11700"
"Allerdale","LADU",2021,"9100","7500","4900","10100","18800","1500","c","c","1600","c","c","c","c","c","c","c","c","c","2000","2000","c","1800","1500","1500","4400","2200","c","1600","1600","4600","3100","3900","1000","3100","7200"
"Barrow-in-Furness","LADU",2021,"7600","5000","3500","8400","8500","2200","1300","c","c","c","c","c","c","c","c","c","c","c","2600","700","c","c","c","c","c","c","c","c","2400","2400","2200","1000","2600","2300","3900"
"Blackburn with Darwen","LADU",2021,"10800","14500","3000","15900","30300","1200","3700","c","900","c","800","1100","1100","2700","2400","800","700","c","2000","5700","2600","3100","c","4100","8200","2000","2300","c","3800","5200","3300","3600","1000","2300","8500"
"Blackpool","LADU",2021,"8900","18900","3100","14400","23100","c","2500","c","1200","c","c","low","c","1200","3200","c","2100","c","low","2500","1000","2200","900","2500","4000","2100","5300","c","4300","5600","4900","6400","1800","4800","7700"
"Bolton","LADU",2021,"17400","36200","5300","33200","57800","c","8900","c","2500","c","c","3200","c","4100","3800","1600","5600","c","4900","6100","2900","3400","c","7900","14400","3500","5700","1100","4200","14900","8100","9400","2200","9600","18400"
"Burnley","LADU",2021,"2700","7800","c","8000","17300","c","c","c","c","c","c","c","c","c","c","c","c","c","c","c","c","1800","c","1200","7200","c","c","c","1800","3000","1700","2400","c","3200","6200"
"Bury","LADU",2021,"8500","22600","3500","20400","49000","c","4500","c","1100","c","1300","1300","c","4700","1500","600","1700","1100","1200","5200","1600","2800","c","2900","13000","1300","4200","c","5800","14600","3200","8100","2000","4700","14800"
"Carlisle","LADU",2021,"6400","16600","1300","11300","20700","c","3600","c","c","c","c","1200","c","1700","c","c","1200","c","2100","1500","c","1900","c","2200","5000","1300","4100","c","2500","6500","4100","4700","1300","2900","6800"
"Cheshire East","LADU",2021,"22100","36800","5000","39900","101600","2600","7900","c","3300","c","c","2300","c","10200","5900","c","c","c","6300","6200","4100","4000","c","6200","23900","4700","7200","c","6600","21800","9600","14600","3200","7300","43800"
"Cheshire West and Chester","LADU",2021,"14800","35100","14000","27200","87600","c","2900","c","2200","c","c","c","c","5000","8600","c","3200","c","2800","10300","1200","6500","c","5600","24000","4500","8200","3200","4000","18600","7000","13200","4300","7700","26100"
"Chorley","LADU",2021,"7000","10300","1500","16600","31600","c","2200","c","c","c","c","c","c","4300","2900","c","c","c","c","6500","2300","2500","c","2900","6800","c","c","c","2300","3700","3200","4400","c","3600","11700"
"Copeland","LADU",2021,"4700","8000","1800","7800","13200","c","c","c","c","c","c","c","c","c","c","c","c","c","c","1800","c","3800","c","2800","3800","c","c","c","1600","c","2900","1900","1000","2500","7000"
"Eden","LADU",2021,"4500","6500","2000","3000","10300","c","c","c","c","c","c","c","c","c","c","c","c","c","c","c","c","c","c","c","2100","c","1100","c","c","1100","2000","2900","1500","1300","5900"
"Fylde","LADU",2021,"5200","6700","c","7800","16600","c","2000","c","c","c","c","c","c","2000","c","c","c","c","c","1600","c","c","c","c","3800","c","1500","c","c","3300","2900","1200","c","2200","7200"
"Halton","LADU",2021,"10500","15700","2700","13000","23500","1000","3200","c","1400","c","1200","1300","c","1100","1500","c","1000","c","2400","1700","1000","2600","500","2200","6400","1700","2300","c","2400","6100","5300","5300","1400","3500","7700"
"Hyndburn","LADU",2021,"5300","14300","2900","9700","9900","c","2600","c","c","c","c","c","c","c","c","c","c","c","2600","c","c","3000","c","2100","3800","c","2400","c","3200","1800","2200","4500","2400","1600","3300"
"Knowsley","LADU",2021,"6700","21800","2400","15200","28900","1000","2800","c","1100","c","c","1700","c","2100","2400","c","1000","c","3000","2400","1500","4200","c","3800","5800","1500","4300","c","2000","6900","2700","7800","1600","3200","11000"
"Lancaster","LADU",2021,"10500","17900","1300","18000","32100","c","3500","c","c","c","c","2500","c","7200","4100","c","c","c","c","4000","c","3700","c","3100","9300","1700","5300","c","2800","7400","4700","2200","c","3600","7400"
"Liverpool","LADU",2021,"27100","47700","11300","56500","147300","1500","10400","c","8000","c","c","5500","c","14100","11700","3600","3700","3200","5800","29500","1800","8700","2000","11400","45800","7400","9600","1900","8900","28700","11700","9900","3300","8300","31600"
"Manchester","LADU",2021,"36900","36900","4900","62200","176200","4700","6800","c","5000","c","5400","6800","c","17500","14700","3500","5500","c","8400","36400","9500","7000","c","13500","60500","5200","6000","c","6100","31600","8600","4800","2200","11700","33000"
"Oldham","LADU",2021,"16600","24000","5000","29300","42200","1800","4400","c","1500","c","c","3200","1200","7400","2800","c","2200","c","2500","7500","2800","4600","1100","9000","12700","3900","5200","600","3600","6800","7000","4300","1900","5400","11700"
"Pendle","LADU",2021,"10500","8800","3100","10900","12300","c","c","c","c","c","c","c","c","c","c","c","c","c","c","c","c","2200","c","2600","2800","3100","c","c","c","1900","1200","2600","c","5500","6500"
"Preston","LADU",2021,"11900","13100","2200","16400","35500","c","1600","c","c","c","c","c","c","3400","c","c","c","c","3100","10700","c","c","c","1200","6000","c","3500","c","3500","5000","4300","5000","1800","3900","12300"
"Ribble Valley","LADU",2021,"2600","7000","1300","6600","13700","c","1800","c","c","c","c","c","c","1800","c","c","c","c","c","1300","c","1500","c","2000","3100","c","c","c","c","4200","1500","1800","c","1600","5000"
"Rochdale","LADU",2021,"12200","21700","4400","28800","41500","800","5600","c","1000","c","c","3100","c","5400","4700","c","1200","c","3900","8200","2300","3300","c","5300","6600","2000","3900","700","5900","10400","5600","4800","2200","7300","10800"
"Rossendale","LADU",2021,"8500","6500","c","7900","17200","c","c","c","c","c","c","c","c","c","c","c","c","c","c","c","c","c","c","c","4600","c","1900","c","2100","2700","3100","2400","c","1900","7900"
"Salford","LADU",2021,"14100","31200","2600","25900","70400","1700","4400","c","1700","c","c","4000","c","3400","5200","1300","2300","c","3200","11400","1500","5200","c","5400","24600","3500","3300","c","5000","13600","4700","12100","1400","7200","15700"
"Sefton","LADU",2021,"13500","29600","5000","30200","62200","1400","4100","c","2900","c","c","4100","c","6300","4500","c","2200","c","3100","6400","1200","4300","c","4100","13900","2100","2800","1000","5500","13700","8900","12100","3100","8300","23100"
"South Lakeland","LADU",2021,"5000","8300","2700","12800","23800","c","900","c","2600","c","c","1500","c","1900","c","c","c","c","1900","1300","c","c","c","2700","5100","600","2000","c","1500","6700","2500","2500","1000","2100","9600"
"South Ribble","LADU",2021,"12900","7100","3400","10200","22700","2400","c","c","c","c","c","c","c","2200","3000","2900","c","c","c","c","1100","2000","c","2100","6400","2200","c","c","3100","4800","4300","2600","c","2200","8000"
"St. Helens","LADU",2021,"9900","20700","4700","18200","42400","c","2800","c","1400","800","c","3200","c","5100","3400","c","2700","c","1300","3800","1300","3300","c","1900","13000","3600","3800","1100","4300","10300","3700","4900","2500","4300","11000"
"Stockport","LADU",2021,"14400","30700","5500","24100","81600","2100","5300","c","1300","c","1200","2100","c","5800","5100","c","1700","1100","2600","12400","3100","3400","1400","6200","24400","2700","6200","c","3500","19300","4700","11900","1600","4500","20500"
"Tameside","LADU",2021,"18500","32000","6700","27900","37400","900","4600","c","900","c","1300","2400","c","3600","4200","c","2100","c","4300","3000","2600","4400","2400","7500","12300","2300","5300","1200","3700","5400","11500","13100","3000","8000","12300"
"Trafford","LADU",2021,"12200","18600","4900","18800","80300","1600","7000","c","2000","c","c","c","c","3500","3900","c","c","c","2500","8500","2700","1200","c","3100","19400","3200","2700","1000","3600","23600","4700","6100","1400","4100","24900"
"Warrington","LADU",2021,"10800","26100","3400","23600","54200","c","5700","c","3100","c","c","600","c","1900","2100","c","3600","c","2900","6300","1900","3800","1100","4700","11900","3100","4400","900","4700","13500","5100","8000","1200","6400","19900"
"West Lancashire","LADU",2021,"6900","13200","c","17800","24200","c","3900","c","c","c","c","c","c","4300","3900","c","c","c","2500","c","2300","1900","c","2200","4500","c","3100","c","2900","4400","2700","3800","c","5800","11000"
"Wigan","LADU",2021,"20300","49600","6500","40300","62100","3500","8300","c","2600","c","c","6700","1700","7100","4400","1400","4600","c","5900","7000","1100","9900","c","5600","20800","4200","6000","c","6800","15700","9000","14100","3200","12200","12800"
"Wirral","LADU",2021,"15100","33900","7300","36400","73700","c","5500","c","2900","c","c","3700","c","9000","4600","c","4100","c","3500","10000","2000","5600","c","6600","22600","2000","2200","c","4600","12400","9900","12800","4500","9900","23600"
"Wyre","LADU",2021,"5600","8800","2400","15800","24700","c","2700","c","c","c","c","c","c","3800","c","2400","c","c","c","3400","c","900","c","3400","5500","c","1000","c","3100","6300","2500","2900","c","3900","8000"
"Adur","LADU",2021,"4200","5300","c","4200","18000","c","c","c","c","c","2000","c","c","c","c","c","c","c","c","2000","c","c","c","1200","6100","c","1900","c","c","4800","c","1300","c","c","4200"
"Arun","LADU",2021,"14700","13100","3400","16700","32400","c","3600","c","c","c","c","c","c","c","2700","c","c","c","c","c","c","c","c","6200","3900","4400","2600","c","2900","7900","7100","5000","c","5600","15800"
"Ashford","LADU",2021,"10400","13000","3500","12500","24600","c","c","c","2500","c","c","3000","c","c","c","2800","c","c","c","3200","c","3000","c","4100","9500","c","2700","1600","2400","8500","3900","2400","700","1500","2600"
"Basingstoke and Deane","LADU",2021,"15000","16000","5900","18500","45700","c","3000","c","1200","c","3600","3100","c","3700","3300","c","c","c","c","6900","c","c","1600","2400","13800","5200","4600","1400","5100","8200","3600","4400","2100","5200","13400"
"Bracknell Forest","LADU",2021,"6500","17200","2100","13600","30100","c","2000","c","1500","c","600","1500","c","2100","2900","700","900","700","1400","2300","1100","4400","c","2600","6100","1400","2500","low","2500","7300","2600","5900","700","3500","11300"
"Brighton and Hove","LADU",2021,"16900","22700","3000","31000","117600","3400","7900","c","3400","c","c","c","c","9100","9300","2200","2400","c","2700","14300","1500","2200","c","3600","30300","3200","3100","900","4700","32000","4900","6300","2100","7500","31900"
"Buckinghamshire","LADU",2021,"23800","44100","11700","59900","156200","1200","10100","c","7100","c","c","3300","1800","9900","9600","c","1500","1600","10300","13900","1700","5700","3300","7900","38500","6200","6000","1200","10800","46400","13200","17500","3800","14000","47300"
"Canterbury","LADU",2021,"12600","14700","1700","22700","39600","c","2300","c","2700","c","1800","c","c","7600","2200","c","3300","c","2500","6000","c","2000","c","5500","9500","2400","2400","c","3900","10200","5300","4200","1100","low","11700"
"Cherwell","LADU",2021,"7600","10900","3500","13700","44700","c","2400","c","1700","c","c","c","c","c","c","c","c","c","2200","10600","2200","c","c","2600","10100","c","1200","c","1600","9900","3300","5600","c","3600","12400"
"Chichester","LADU",2021,"14600","9000","c","6200","30100","c","c","c","c","c","c","c","c","c","c","c","c","c","c","c","c","c","c","c","4900","3900","c","c","c","8500","5600","3500","c","2500","12600"
"Crawley","LADU",2021,"12900","15100","c","10600","26000","c","c","c","c","c","c","c","c","c","c","c","c","c","c","5400","3100","c","c","3200","9200","c","2100","c","c","6700","2600","7100","c","4200","4800"
"Dartford","LADU",2021,"8000","15600","c","12300","27600","c","c","c","4500","c","c","c","c","c","c","c","c","c","c","c","c","4200","c","c","11700","c","c","c","c","3400","4200","5200","c","3700","9000"
"Dover","LADU",2021,"7500","12100","3400","11800","22600","c","1100","c","2500","c","c","3100","c","c","1900","c","c","c","3500","1700","2500","1800","c","c","5100","c","1100","c","1800","7100","2000","4100","500","1900","6700"
"East Hampshire","LADU",2021,"8200","15100","2200","10700","27500","c","4000","c","c","c","c","3300","c","c","1900","c","c","c","c","3300","c","c","c","3900","5700","2100","c","c","1900","4300","3200","7500","1000","2200","12300"
"Eastbourne","LADU",2021,"7000","11800","2200","14500","17600","c","1800","c","c","c","c","c","c","c","c","c","c","c","c","c","c","c","c","5500","4700","c","2600","c","2400","4900","2800","3400","c","5400","6600"
"Eastleigh","LADU",2021,"12300","16800","3300","13800","29400","2300","1700","c","c","c","4100","2300","c","4300","c","c","c","c","c","2700","c","3800","c","2800","6600","c","2800","c","2700","10600","3500","5000","2200","2700","8300"
"Elmbridge","LADU",2021,"6400","6300","c","8700","56500","c","1800","c","1200","c","c","c","c","c","4800","c","c","c","c","8100","c","2000","c","1400","16100","c","1100","c","2100","13000","3100","1400","c","3200","14600"
"Epsom and Ewell","LADU",2021,"2400","8300","c","3700","26700","c","2700","c","c","c","c","c","c","c","c","c","c","c","c","3100","c","2100","c","c","6100","c","c","c","c","10200","1600","2200","c","1100","6200"
"Fareham","LADU",2021,"2900","12800","2900","14400","31300","1400","1400","c","1300","c","c","3100","c","3500","3700","c","c","c","1800","4600","c","c","c","3500","11200","c","3500","c","2800","3500","1500","4300","900","1500","8300"
"Folkestone and Hythe","LADU",2021,"4100","9500","2700","7800","30300","c","1400","c","c","c","c","c","c","c","3300","c","c","c","c","4400","c","c","c","c","5400","c","c","c","c","4400","2700","3800","2200","2600","12900"
"Gosport","LADU",2021,"8100","9800","1300","9200","18700","c","2200","c","c","c","c","c","c","c","c","c","c","c","3300","2700","2700","c","c","c","5900","c","c","c","2200","1600","2200","4100","1300","3000","8500"
"Gravesham","LADU",2021,"8500","10100","5200","17000","22100","c","c","c","c","c","c","c","c","4200","c","c","c","c","c","c","c","c","c","c","8200","c","c","c","c","c","6900","3000","3700","6000","9200"
"Guildford","LADU",2021,"5100","9900","2000","12900","58700","c","2600","c","c","c","c","c","c","4700","2800","c","c","c","c","10900","c","c","c","c","15100","c","c","c","2400","17200","3000","5400","c","4900","12700"
"Hart","LADU",2021,"4600","7600","1100","12200","25400","c","2200","c","c","c","c","c","c","3800","4100","c","c","c","2200","3800","c","1200","c","2200","5500","1800","1400","c","1300","6700","1600","1500","800","2400","4900"
"Hastings","LADU",2021,"9200","11300","c","5600","17200","c","3400","c","c","c","c","c","c","c","c","c","c","c","c","3600","c","c","c","c","4800","1800","3600","c","2100","4800","2400","1000","c","1000","4000"
"Havant","LADU",2021,"14900","8900","2500","14800","23200","c","1800","c","1500","c","c","c","c","6300","2800","c","c","c","c","6100","c","c","c","2500","3800","3700","1600","c","2400","2700","9100","3900","1100","2100","7900"
"Horsham","LADU",2021,"4500","10800","c","20300","33900","c","2500","c","c","c","c","c","c","4700","c","c","c","c","3500","c","c","c","c","2700","6700","c","c","c","2000","9900","2900","5000","c","5800","15300"
"Isle of Wight","LADU",2021,"11700","14000","3900","14500","24000","2700","1600","c","c","c","1100","1800","c","1900","2000","c","c","1000","c","1600","700","2100","c","2900","2600","900","2600","500","4000","6600","6100","5500","1700","4800","11100"
"Lewes","LADU",2021,"5700","9700","2700","16100","22600","c","2100","c","c","c","c","c","c","5700","c","c","c","c","c","c","c","c","c","2400","3500","c","c","c","2200","4300","5400","4300","1400","4500","13100"
"Maidstone","LADU",2021,"5500","19400","c","29100","45400","c","c","c","3200","c","c","3400","c","c","3600","c","c","c","3000","7100","c","2900","c","10300","14700","c","5700","c","4900","6300","3500","5900","c","7700","13600"
"Medway","LADU",2021,"20600","30200","6500","32100","65400","1800","3300","c","1900","c","1400","c","c","2600","4600","c","2300","c","5100","6400","3600","7900","2400","3400","15100","5200","6100","c","8900","17200","7300","9900","3700","10300","22000"
"Mid Sussex","LADU",2021,"7500","11900","c","12800","50400","c","3400","c","c","c","c","c","c","c","c","c","c","c","c","c","3600","c","c","3200","12500","c","c","c","4000","16500","1200","5700","c","3700","18400"
"Milton Keynes","LADU",2021,"17700","28700","3500","28800","75700","1400","5100","c","1800","c","2100","2400","c","5000","1700","c","c","c","1200","10100","3400","6200","c","5700","23100","4000","4600","c","6400","21300","6000","9500","2100","8800","19500"
"Mole Valley","LADU",2021,"4900","8000","1100","9200","22800","c","1900","c","1400","c","c","c","c","1600","c","c","c","c","2400","2400","c","c","c","c","2300","c","c","c","1400","7200","3200","3700","c","1100","9800"
"New Forest","LADU",2021,"14100","14000","6500","18300","35800","3200","5500","c","2900","c","c","c","c","c","c","c","c","c","c","3600","3000","2000","c","3800","8500","3600","c","2800","3300","10700","2700","5400","2900","6400","11900"
"Oxford","LADU",2021,"4400","10100","1900","13600","68300","c","1900","c","2600","c","c","3700","c","4000","3500","c","c","c","c","15500","2200","c","c","c","21000","c","c","c","2100","11100","c","2700","c","3200","17200"
"Portsmouth","LADU",2021,"12100","18900","4900","25100","67100","1100","3700","c","1000","c","c","1400","c","4400","5100","c","c","c","1100","5300","c","3100","c","7600","19500","2100","3900","1200","5200","19400","7700","6300","2400","5700","17900"
"Reading","LADU",2021,"11100","13200","1900","13600","61200","1600","3500","c","c","c","c","1200","c","2000","1700","1700","c","c","3200","9500","1400","1300","c","2800","19700","2000","1900","900","3000","15400","4000","4800","c","2100","14900"
"Reigate and Banstead","LADU",2021,"5900","12000","c","10800","50600","c","4800","c","c","c","c","c","c","1900","1600","c","c","c","c","c","c","c","c","c","17400","2100","c","c","2300","13800","3200","4500","c","4800","16500"
"Rother","LADU",2021,"7600","5200","c","10200","19600","c","c","c","c","c","c","c","c","2900","c","c","c","c","c","c","c","c","c","c","3100","1700","c","c","1300","3000","4200","2100","c","4200","10600"
"Runnymede","LADU",2021,"5300","7600","c","4300","32900","c","c","c","3200","c","c","c","c","c","4900","c","c","c","c","c","c","c","c","c","10400","3200","c","c","c","12300","c","c","c","c","3000"
"Rushmoor","LADU",2021,"7700","8300","3400","9900","24400","c","c","c","c","c","c","c","c","c","c","c","c","c","c","2300","c","c","c","2300","5500","1600","c","c","3000","10300","1600","3000","2700","1800","6400"
"Sevenoaks","LADU",2021,"3400","19300","c","12200","32900","c","6800","c","2400","c","c","2300","c","2100","3000","c","c","c","c","c","c","c","c","c","3700","c","4100","c","1600","11300","1100","5300","c","4800","14100"
"Slough","LADU",2021,"11200","12900","1700","15400","35100","1700","3200","c","1900","c","3600","800","c","2600","2400","c","1000","c","1500","3600","900","2000","c","4200","10600","1500","2500","c","3100","11900","3400","3500","900","2200","6700"
"South Oxfordshire","LADU",2021,"5400","13700","3000","12900","40900","c","4500","c","1200","c","c","c","c","4200","2000","c","c","c","c","3900","c","1800","c","1500","10400","1700","2100","c","2100","13400","2700","4300","1800","2700","11100"
"Southampton","LADU",2021,"16300","30400","3000","34500","75200","c","4300","c","2800","c","c","3600","c","10600","8500","1400","4600","c","2300","15900","1000","6600","c","7200","20800","2700","4300","900","5300","17100","9800","7000","900","6200","13000"
"Spelthorne","LADU",2021,"9200","9000","1100","10200","20900","c","c","c","c","c","c","c","c","3200","3400","c","c","c","c","2700","c","2700","c","2000","3200","2800","2300","c","c","6000","2800","2100","1100","3700","5600"
"Surrey Heath","LADU",2021,"5300","4600","c","9700","26100","c","2600","c","c","c","c","c","c","c","c","c","c","c","c","3000","c","c","c","3700","4600","c","c","c","c","5000","3300","c","c","2600","13500"
"Swale","LADU",2021,"6400","20800","c","23000","28000","c","3900","c","2600","c","c","c","c","2500","c","c","c","c","c","4600","c","2400","c","6700","6000","3300","7500","c","5200","6400","3200","3700","c","4500","9700"
"Tandridge","LADU",2021,"c","6100","c","9300","24300","c","c","c","c","c","c","c","c","c","2500","c","c","c","c","2400","c","c","c","4000","4700","c","c","c","2000","5900","c","2300","c","1500","8800"
"Test Valley","LADU",2021,"7300","13500","1300","15300","30500","c","2900","c","2100","c","c","c","c","2500","c","c","c","c","1700","2800","c","2600","c","1500","4100","1300","1800","c","3100","9200","3900","4900","c","4200","13400"
"Thanet","LADU",2021,"3200","17700","5300","17500","29700","c","2000","c","c","c","c","c","c","3500","3500","c","c","c","c","3100","c","2100","c","3500","6100","c","4200","c","2400","5000","1600","7600","2600","6300","12000"
"Tonbridge and Malling","LADU",2021,"7900","24700","2800","8900","27200","c","4200","c","c","c","c","c","c","c","c","c","c","c","c","c","2400","2700","c","3400","7100","c","5100","c","c","9200","2700","8500","c","2200","9200"
"Tunbridge Wells","LADU",2021,"6400","9600","c","8600","34500","c","4300","c","c","c","c","c","c","c","1900","c","c","c","c","c","c","c","c","c","9000","1900","1300","c","2200","11100","1600","3100","c","3000","11900"
"Vale of White Horse","LADU",2021,"4700","10600","c","12000","40400","1000","3000","c","2300","c","c","2400","c","2300","c","c","c","c","c","6700","c","1100","c","3400","7800","2300","1600","c","1700","12200","1500","2100","c","1900","12500"
"Waverley","LADU",2021,"4200","12400","c","11700","37300","c","2500","c","2600","c","c","3700","c","2100","c","c","c","c","c","4000","c","3100","c","c","6100","c","c","c","c","10500","2100","1800","c","4700","15500"
"Wealden","LADU",2021,"12300","15100","2300","21100","35500","2800","3100","c","1000","c","1800","4700","c","4300","2000","c","c","c","3500","5500","c","1900","c","3800","8700","2100","600","c","3800","6800","5300","3900","c","4700","12600"
"West Berkshire","LADU",2021,"6300","14900","1700","18000","48600","c","3300","c","1000","c","c","900","c","3300","2300","c","1700","c","3100","3200","1200","2900","c","2000","12600","1000","3400","c","3200","14700","3800","2500","low","5400","15800"
"West Oxfordshire","LADU",2021,"2300","6600","c","13800","38900","c","c","c","2600","c","c","c","c","2600","4500","c","c","c","c","c","c","c","c","c","8600","c","c","c","2100","8900","1900","4300","c","5600","16900"
"Winchester","LADU",2021,"8700","11000","2700","12900","36700","c","2300","c","c","c","c","c","c","c","c","c","c","c","3200","7000","c","3500","c","2500","8300","c","c","c","c","6600","5300","5200","c","2800","13300"
"Windsor and Maidenhead","LADU",2021,"5400","10400","1500","13200","54200","c","2900","c","1100","c","c","800","c","2500","3900","c","800","c","1200","4900","1300","1300","c","2400","13500","800","1200","c","1800","14700","2600","3500","600","4200","17100"
"Woking","LADU",2021,"6100","6700","c","9900","36900","c","2900","c","2000","c","2000","c","c","2500","c","c","c","c","c","4500","c","c","c","c","7000","c","c","c","1400","12000","2600","1800","c","2100","12800"
"Wokingham","LADU",2021,"6500","15800","1100","13800","57800","c","4000","c","2000","c","c","900","c","4000","1100","c","3100","c","600","3800","1500","500","c","2500","14100","500","1600","c","1200","17000","3300","5500","700","3600","21800"
"Worthing","LADU",2021,"6300","12500","2000","11800","26700","c","2200","c","c","c","c","c","c","c","c","c","c","c","3800","c","2900","c","c","c","8300","c","c","c","3100","7000","2700","5100","c","3500","7300"
"Bath and North East Somerset","LADU",2021,"6200","18300","1100","22500","61700","700","5800","c","3600","c","c","1200","c","5800","3800","c","c","c","2300","5100","c","3900","c","2100","15400","1700","2500","c","4100","16600","2200","4500","c","4500","21000"
"Bournemouth, Christchurch and Poole","LADU",2021,"24600","35900","9800","49100","97000","2600","5200","c","5600","c","1700","2900","c","7700","4600","1900","1600","c","5100","7100","4300","4100","1200","7300","28100","3700","8500","2900","8900","25400","10600","13500","5000","14500","31700"
"Bristol, City of","LADU",2021,"25600","35200","2100","49800","180500","2100","6800","c","3800","c","4200","7900","c","15200","18900","2000","3300","c","5300","36000","4500","1300","c","10700","52200","1300","8300","c","7200","36300","11500","7500","1300","7600","37200"
"Cheltenham","LADU",2021,"3000","8700","c","13900","39200","c","1000","c","2900","c","c","c","c","c","1600","c","1200","c","c","7500","c","3000","c","1900","10300","1400","c","c","2500","8600","700","2200","c","3800","11200"
"Cornwall","LADU",2021,"40100","58000","17700","59500","118400","4300","10800","c","3700","c","2700","4000","c","12700","13300","3200","4900","3300","5100","10900","4600","10100","1400","10100","21900","6200","9000","3000","13500","21900","19100","19300","9400","14400","49100"
"Cotswold","LADU",2021,"5600","5500","c","9500","23600","c","1100","c","c","c","2100","c","c","c","c","c","c","c","c","1200","c","c","c","1700","5300","c","1800","c","2500","6300","1800","1600","c","3900","10400"
"Dorset","LADU",2021,"23900","29400","9600","37900","81200","1400","3900","c","2600","c","3000","2500","c","6500","4600","c","3700","c","6500","6900","2200","3400","2600","6800","19500","3700","2900","1600","4100","20300","12600","13000","3800","11500","29500"
"East Devon","LADU",2021,"8300","11500","2000","14800","33100","c","3200","c","2200","c","c","c","c","c","1600","c","c","c","1300","c","c","c","c","3100","9400","c","1700","c","2600","7500","4100","3100","1600","4200","13700"
"Exeter","LADU",2021,"5200","14100","c","18300","43700","c","c","c","c","c","c","4800","c","5900","3100","c","c","c","2500","6000","c","2700","c","5100","14000","c","1900","c","2500","12200","2200","2600","c","1400","8400"
"Forest of Dean","LADU",2021,"7200","11100","1700","11700","15900","c","1500","c","1900","c","c","1500","c","2400","c","c","c","c","c","1600","1800","1000","c","1200","4600","800","3200","c","2600","4200","3400","3300","c","2900","4700"
"Gloucester","LADU",2021,"10500","14700","3100","18800","29400","c","2700","c","2500","c","c","c","c","4300","c","c","c","c","c","2600","2300","2300","c","3900","12900","1900","2400","c","3400","5100","4700","6100","2200","3700","7600"
"Isles of Scilly","LADU",2021,"x","x","x","x","x","x","x","x","x","x","x","x","x","x","x","x","x","x","x","x","x","x","x","x","x","x","x","x","x","x","x","x","x","x","x"
"Mendip","LADU",2021,"5500","7900","2400","11900","30000","c","c","c","c","c","c","c","c","2100","5000","c","c","c","1700","1900","c","2000","c","c","4600","c","1400","c","2700","7300","2400","2600","1000","3800","11200"
"Mid Devon","LADU",2021,"5300","8200","2800","10200","16000","c","c","c","c","c","c","c","c","3000","c","c","c","c","c","1700","c","1900","c","1900","4700","c","c","c","900","3900","3500","2900","c","3800","5700"
"North Devon","LADU",2021,"7700","8800","2500","9900","18400","c","1000","c","c","c","c","c","c","c","c","c","c","c","c","c","1500","1900","c","1600","4400","1100","2400","c","2100","5300","3500","3400","1100","3000","6400"
"North Somerset","LADU",2021,"13500","19200","4200","27000","50800","1400","5200","c","1600","c","1300","1200","c","2900","4000","c","900","500","1200","3400","2000","2800","c","5000","12300","2100","2500","700","4300","15900","6500","6600","2700","12100","15300"
"Plymouth","LADU",2021,"25300","29000","7900","25100","62400","3000","2900","c","2000","c","2900","3500","c","1400","2500","2500","2600","c","3600","9400","1500","7100","1300","5100","15300","5600","4800","800","6000","17600","9900","8200","3800","7000","17700"
"Sedgemoor","LADU",2021,"8600","15200","3800","11700","23600","c","2900","c","c","c","c","c","c","1900","c","c","c","c","1700","6200","c","4500","c","1800","4600","1500","1800","c","3300","2800","5000","3500","1800","3000","9200"
"Somerset West and Taunton","LADU",2021,"8800","12100","4200","18800","32000","c","1700","c","c","c","c","c","c","5100","2800","c","c","c","3100","4800","c","1600","c","3200","7800","800","1300","1500","3200","4300","4600","5200","1500","3500","11800"
"South Gloucestershire","LADU",2021,"20200","24900","2000","34700","81100","2600","6900","c","1900","c","c","c","c","7800","3900","c","2200","c","4200","8700","3000","4200","800","7300","26700","4000","3000","c","6300","16600","10100","7900","c","7100","24800"
"South Hams","LADU",2021,"3300","9700","3600","6900","21200","c","c","c","c","c","c","c","c","c","c","c","c","c","c","1800","c","2300","c","c","5000","c","c","c","2500","5900","1600","3600","1300","1400","7700"
"South Somerset","LADU",2021,"9200","15400","1700","21200","36100","c","4300","c","2900","c","c","c","c","1600","3400","c","1800","c","3000","5500","3400","2700","c","5000","5100","1000","2000","c","2400","7700","2300","4500","1400","6200","14400"
"Stroud","LADU",2021,"6600","9400","2000","13100","35500","c","1600","c","2900","c","c","c","c","3900","3100","c","2000","c","c","3000","c","1100","c","1100","4100","1300","1100","c","1600","9000","2700","2900","1300","2800","16300"
"Swindon","LADU",2021,"17200","27200","4000","25600","47200","800","6300","c","1600","c","1100","1100","c","3500","3300","2300","2500","c","2300","2400","3400","4400","800","5200","15900","2300","4100","1600","6300","12400","7300","8700","1600","6700","12800"
"Teignbridge","LADU",2021,"10300","12200","4600","15400","24200","1200","1400","c","c","c","c","1800","c","3400","c","c","c","c","3200","2500","c","2200","c","4100","6000","c","1300","c","2500","4400","6700","4000","1600","2200","10700"
"Tewkesbury","LADU",2021,"4800","10000","2500","10200","20500","c","1500","c","c","c","c","c","c","2000","1400","c","c","c","c","1200","c","1900","c","2200","3500","c","2000","c","2000","5800","3400","3300","1400","3600","8200"
"Torbay","LADU",2021,"10300","12600","2900","16700","22600","900","3100","c","1500","c","900","900","c","3800","1600","500","900","c","1900","1500","1000","1100","600","3200","4200","2200","2000","800","2800","7700","4900","4700","1200","3500","7600"
"Torridge","LADU",2021,"4500","7100","5100","8500","8400","c","c","c","c","c","c","c","c","c","c","c","c","c","4400","c","1900","1800","c","c","c","c","c","c","c","2600","c","3100","2900","1100","3000"
"West Devon","LADU",2021,"2000","5200","c","6900","12900","c","c","c","c","c","c","c","c","c","c","c","c","c","c","c","c","c","c","c","c","c","c","c","c","5200","c","3000","c","4100","6700"
"Wiltshire","LADU",2021,"26800","51200","8500","52000","132600","c","13100","c","3200","c","2800","3000","c","6200","7400","1200","2200","c","6400","15100","2600","10900","c","10100","30200","4200","5300","1800","10800","31300","15700","16600","4400","15300","48800"
"Birmingham","LADU",2021,"66800","103300","12200","121900","298200","7800","30100","c","10700","2100","8200","12600","c","45000","45700","5800","12100","4900","15400","58400","13100","14100","2300","20000","78700","16600","13300","1700","16500","64900","15400","21000","1800","14200","48300"
"Bromsgrove","LADU",2021,"3200","10900","1000","11500","27400","c","2200","c","c","c","c","c","c","3500","c","c","c","c","c","2200","c","c","c","1700","6800","c","1500","c","2800","8100","c","4100","c","2600","8800"
"Cannock Chase","LADU",2021,"5600","11100","3700","11800","20500","c","c","c","2200","c","c","c","c","3000","c","c","c","c","c","3700","c","3100","c","2200","3800","c","4000","c","c","3800","2900","2800","c","3000","8400"
"Coventry","LADU",2021,"21100","40900","6900","42100","102100","1900","11000","c","4200","c","c","4700","c","10500","10900","c","3400","c","3500","19500","4900","7500","c","9500","26600","2400","3500","800","6200","23900","9800","10800","3800","8100","20900"
"Dudley","LADU",2021,"14200","36500","8400","30800","67200","1500","5600","c","3500","c","c","c","c","5300","2500","c","c","c","c","9700","2000","8500","2100","5000","20500","2700","8100","c","4200","14300","8100","11600","3700","12100","20400"
"East Staffordshire","LADU",2021,"7400","14400","4200","8400","24400","c","c","c","c","c","c","3300","c","2200","c","c","c","c","c","4200","c","c","c","c","6400","c","5100","c","c","5600","3100","3900","2300","3200","7100"
"Herefordshire, County of","LADU",2021,"10100","18100","1700","22800","43400","c","2900","c","1900","c","700","1300","c","3200","1700","1400","1200","c","1800","2500","1300","2200","c","4100","5600","1100","2700","c","3900","10600","5300","7700","1200","7900","23000"
"Lichfield","LADU",2021,"5900","9500","c","8100","26500","c","2500","c","c","c","c","c","c","c","c","c","c","c","c","c","c","2400","c","1600","3500","c","2300","c","c","7800","1900","1200","c","1600","14200"
"Malvern Hills","LADU",2021,"1900","8900","c","5700","22600","c","2200","c","c","c","c","1600","c","c","1500","c","c","c","1500","2300","c","c","c","c","1300","c","2300","c","1200","8200","1200","2300","c","1400","8900"
"Newcastle-under-Lyme","LADU",2021,"6000","17300","3000","12600","29100","c","3500","c","2600","c","c","c","c","2700","4900","c","c","c","c","c","c","3100","c","c","5700","c","c","c","c","9100","2300","9700","c","4800","7200"
"North Warwickshire","LADU",2021,"3900","7100","1900","8100","11600","c","1500","c","c","c","c","1400","c","c","c","c","c","c","2000","2000","c","c","c","c","3800","c","c","c","3600","2200","1200","2700","c","1600","3700"
"Nuneaton and Bedworth","LADU",2021,"9500","14900","1000","11600","27800","c","1500","c","c","c","1600","2200","c","c","3300","c","2100","c","1100","2300","c","3000","c","5600","5500","1200","3700","c","c","7300","4800","2400","c","2900","9400"
"Redditch","LADU",2021,"9400","9500","1400","7000","16000","c","2500","c","c","c","c","c","c","1400","c","c","c","c","c","3000","3600","1500","c","1400","6800","1100","1900","c","c","3200","2900","2400","1100","2100","2400"
"Rugby","LADU",2021,"5700","9400","1200","8300","35500","c","3000","c","c","c","c","c","c","c","1500","c","c","c","c","2300","1500","c","c","3500","8400","1600","2000","c","c","9100","1400","2200","c","2500","14100"
"Sandwell","LADU",2021,"27100","38200","6200","25800","56700","2100","6200","c","c","c","2000","3700","c","2500","3500","3700","3800","c","2800","9500","2500","7000","c","7100","14600","5100","7000","c","5800","12800","11700","10500","1800","5900","16400"
"Shropshire","LADU",2021,"19300","26500","4900","31900","75300","2600","5700","c","2000","c","c","2400","c","5400","3700","c","2100","c","3800","4100","4200","2800","1400","4500","18400","2000","5800","1400","6100","19100","9100","7600","1500","10100","29600"
"Solihull","LADU",2021,"10300","22100","2800","22300","54300","1600","4900","c","2300","c","c","3000","1400","2400","4800","1900","2800","c","3900","7800","1200","2900","c","4400","13500","1200","1800","c","4900","10600","4400","6700","800","4400","17500"
"South Staffordshire","LADU",2021,"4900","11900","2100","11300","29400","c","3300","c","c","c","c","c","c","2000","c","c","c","c","c","5000","c","2800","c","2800","7600","c","c","c","2500","6500","3400","3800","1100","2100","9200"
"Stafford","LADU",2021,"4300","5800","2700","14300","45300","2100","1900","c","c","c","c","c","c","1900","2500","c","c","c","2000","5000","c","c","c","1900","12500","c","c","c","3600","13100","1300","1800","1100","3100","12200"
"Staffordshire Moorlands","LADU",2021,"4500","8600","2800","9700","27200","c","1700","c","c","c","c","c","c","1800","2500","c","c","c","c","3000","c","1600","c","3000","5000","c","2300","c","2100","6200","2700","2600","c","1600","10400"
"Stoke-on-Trent","LADU",2021,"18300","31500","5900","30000","45600","2500","4400","c","1800","c","c","2000","c","5100","3700","1300","2200","c","2900","5900","4000","3800","c","7300","14200","3800","7700","1500","5600","7800","6500","11300","2900","7200","13900"
"Stratford-on-Avon","LADU",2021,"3300","10900","2200","14600","34800","c","2600","c","1100","c","c","c","c","3600","2400","c","c","c","2100","2800","c","1800","c","1500","6600","900","1200","c","2000","9000","2000","3600","700","4400","14000"
"Tamworth","LADU",2021,"7500","8700","c","9300","15300","c","c","c","c","c","c","c","c","2100","c","c","2700","c","c","3100","c","c","c","1800","6100","c","c","c","c","1900","3800","4300","c","4000","2600"
"Telford and Wrekin","LADU",2021,"14100","18300","3700","15600","38700","1500","2500","c","1500","c","1100","2000","1000","1200","3600","1500","1100","c","2000","5400","2500","2900","c","2700","9800","2700","3000","600","3100","7700","4800","6800","1400","5200","12300"
"Walsall","LADU",2021,"19500","30400","6000","35000","46400","2000","7700","c","1500","c","c","4800","c","5200","6400","c","3100","c","c","6500","2100","3800","c","8700","14000","3600","4900","c","6200","8500","10400","6000","3700","12300","11000"
"Warwick","LADU",2021,"7300","15200","500","13900","43000","c","5300","c","3200","c","c","1600","c","2400","c","c","c","c","2400","6600","2100","1900","c","c","10500","c","1200","c","1400","13300","2900","4100","c","3900","10000"
"Wolverhampton","LADU",2021,"20200","24600","4600","30900","57500","1500","3400","c","1800","c","c","3200","c","4000","2100","1400","3200","c","1700","7300","3700","3600","c","3900","15300","5000","2500","c","6500","13900","8000","8700","2900","12900","18900"
"Worcester","LADU",2021,"4800","12800","c","11200","29100","c","3100","c","c","c","c","c","c","c","3100","c","c","c","2300","3500","c","2900","c","4300","11100","c","c","c","c","4200","2300","4100","c","2300","7400"
"Wychavon","LADU",2021,"6400","9200","1900","11600","33400","c","1800","c","c","c","c","1600","c","c","1800","c","1900","c","1500","3400","c","c","c","2100","8300","1200","800","c","1100","8200","3400","2800","1000","5700","11700"
"Wyre Forest","LADU",2021,"6500","11900","4500","12200","21200","c","2400","c","c","c","c","c","c","c","c","c","c","c","1500","2500","c","1800","c","2200","5900","1300","1400","c","4600","4500","3800","6300","1900","2900","7000"
"Barnsley","LADU",2021,"18600","31400","4400","29300","48000","2000","6800","c","1200","c","2700","2000","c","6300","4200","c","2600","c","3000","5800","2700","5300","1000","6600","12800","3000","4300","700","4900","7600","7900","10400","2300","7200","17700"
"Bradford","LADU",2021,"30100","53600","4400","58700","117200","c","11200","c","5500","c","c","2800","c","10100","14800","3100","4200","c","6200","16300","7400","11800","c","15100","28400","4100","7900","c","9700","24000","14500","15800","1600","12200","33700"
"Calderdale","LADU",2021,"13200","25000","3900","22300","49900","1800","5900","c","1700","c","c","1400","c","2600","3500","1000","c","c","3300","4500","1900","5200","c","3400","8400","3300","4400","800","5200","15600","4600","7300","1900","6000","18000"
"Craven","LADU",2021,"3500","4700","c","4000","18100","c","c","c","c","c","c","c","c","c","c","c","c","c","c","2900","c","c","c","c","1800","1900","c","c","c","4200","1200","2500","c","2300","9200"
"Doncaster","LADU",2021,"18500","35700","7100","43500","50600","2600","4200","c","2200","c","2000","2600","1500","7800","4300","1600","4400","c","6100","6600","2000","7000","c","9100","12100","4300","6800","c","4200","11900","6100","10700","3400","14100","15600"
"East Riding of Yorkshire","LADU",2021,"16000","33400","8400","37200","75900","1100","5000","c","3600","c","c","1400","1300","5600","6100","c","1900","2500","5800","7300","3400","5300","1100","7100","13800","2200","7200","1300","5600","19700","8500","12400","1800","9500","28600"
"Hambleton","LADU",2021,"3500","9700","900","12000","20200","c","2000","c","c","c","c","3100","c","2700","c","c","c","c","2300","c","c","c","c","2700","5100","c","1300","c","1000","5100","2400","2200","c","3000","7500"
"Harrogate","LADU",2021,"5300","11800","3400","21600","46700","c","2900","c","3400","c","c","c","c","7300","c","c","c","c","c","1700","1800","c","c","1300","10300","900","1700","c","4300","12500","2700","4300","1600","4900","21000"
"Kingston upon Hull, City of","LADU",2021,"26900","31200","8900","34700","41800","2000","3600","c","1600","c","c","3500","1900","5100","5000","5000","1900","c","2900","2800","5500","5500","1100","8200","12600","4600","5200","1200","8500","8400","8400","11500","3800","8400","13000"
"Kirklees","LADU",2021,"29500","41100","7800","52400","95600","3000","11700","c","3900","c","4300","1800","c","12500","9200","2100","5000","1500","6900","10700","4100","6400","c","11300","22000","6000","3800","c","5600","23900","10000","12400","3700","12300","29800"
"Leeds","LADU",2021,"45400","64300","13400","91100","237300","2300","16100","c","9100","c","4200","c","c","28800","17200","c","2200","c","8000","42000","10300","9500","2100","16800","74000","10800","10500","c","11500","56400","17800","23300","6000","16900","47300"
"North East Lincolnshire","LADU",2021,"11000","17800","3600","19200","21900","1500","3300","c","1200","c","1000","1900","800","2700","700","900","1100","c","2100","4200","1800","3000","600","3600","6700","800","2500","c","4600","4300","4900","6000","1600","5100","6100"
"North Lincolnshire","LADU",2021,"11800","19800","3100","18800","32200","1400","3800","c","c","c","c","1800","c","3400","1300","c","c","c","3000","2700","900","2200","c","4600","8800","2200","3500","700","2500","6800","6500","7700","1500","4900","12000"
"Richmondshire","LADU",2021,"1600","5000","c","6400","12900","c","c","c","c","c","c","c","c","c","c","c","c","c","c","2200","c","1900","c","c","3000","c","c","c","c","1800","c","1600","c","1800","5300"
"Rotherham","LADU",2021,"18900","28300","3000","33600","50500","1000","5800","c","1100","c","1400","2000","c","5500","6700","c","2900","1200","5800","5300","2200","5300","800","8700","11600","2700","4000","c","3600","11800","11300","8300","700","8900","14000"
"Ryedale","LADU",2021,"2600","6300","1500","4300","10000","c","2000","c","c","c","c","c","c","c","c","c","c","c","c","c","c","c","c","c","2200","c","c","c","1000","2200","1500","2400","c","1200","4900"
"Scarborough","LADU",2021,"8900","11100","c","10200","21600","c","1300","c","c","c","c","c","c","1500","1800","c","c","c","c","6900","c","1500","c","4500","1400","c","1600","c","2100","4700","3600","4400","c","2100","6700"
"Selby","LADU",2021,"5800","5900","2600","6900","23500","c","c","c","c","c","c","c","c","c","c","c","c","c","c","c","c","c","c","2000","3400","c","1700","c","2000","9300","2300","2400","c","c","9900"
"Sheffield","LADU",2021,"33500","65200","12000","59400","172100","6600","13200","c","4300","c","c","8400","c","18300","14800","c","3600","c","7600","32600","7400","5400","2800","11600","40200","5700","12700","2000","6600","42100","12200","21900","6600","10900","42300"
"Wakefield","LADU",2021,"28400","41400","9200","40500","53600","2200","8300","c","4600","c","c","4500","2000","8200","3200","3100","4200","c","3800","8100","4900","6800","1400","7000","14200","5500","6700","900","7400","11000","12100","10800","4600","9500","16100"
"York","LADU",2021,"6800","16200","2800","19400","80200","500","3700","c","2300","600","c","c","c","5100","5300","900","1400","c","2000","12700","2100","2700","900","2300","22700","800","2800","c","3200","14900","2500","5300","1200","4500","24100"
"England","COUNTRY",2021,"3323700","5360700","950800","5840400","15038300","304700","1110700","24300","498100","41800","275100","490000","106000","1129600","1074000","220600","403800","106000","665500","1979500","500000","807700","151000","1119900","4142200","593300","857800","137100","987400","3560700","1430000","1690700","426400","1439900","4240100"
"Black Country","LEP",2021,"81000","129700","25300","122400","227800","7000","22900","c","8500","c","3800","13300","2900","17000","14400","5300","11300","3300","6300","33000","10200","23000","3800","24700","64300","16400","22500","2700","22700","49500","38200","36800","12100","43200","66700"
"Cheshire and Warrington","LEP",2021,"47600","98000","22400","90800","243300","2800","16600","c","8600","c","c","4000","1600","17100","16600","c","7600","4400","11900","22800","7200","14300","3000","16500","59700","12300","19700","4100","15300","53900","21700","35800","8700","21400","89700"
"Cornwall and Isles of Scilly","LEP",2021,"40100","58000","17700","59500","118400","4300","10800","c","3700","c","2700","4000","c","12700","13300","3200","4900","3300","5100","10900","4600","10100","1400","10100","21900","6200","9000","3000","13500","21900","19100","19300","9400","14400","49100"
"Coventry and Warwickshire","LEP",2021,"50700","98300","13700","98500","254800","3000","24900","c","9200","c","5100","11700","c","18400","20700","2600","8700","2100","11700","35600","10400","15400","2300","21300","61400","7300","11800","1900","14700","64700","22200","25700","6300","23200","72100"
"Cumbria","LEP",2021,"37200","51800","16300","53400","95300","4100","7500","1100","4200","c","5500","5300","c","4500","4100","1800","3300","c","9900","8000","3300","10300","2300","10900","21000","5800","8600","2500","9900","21800","16700","16800","8500","14100","40300"
"Dorset","LEP",2021,"48500","65300","19400","87100","178200","4000","9100","c","8200","c","4700","5400","c","14200","9200","2800","5300","c","11700","14000","6500","7600","3700","14100","47600","7400","11500","4400","12900","45700","23200","26500","8800","25900","61200"
"Gloucestershire","LEP",2021,"37700","59500","11500","77200","164000","1800","9400","c","10900","c","3400","3400","c","14400","8400","2200","6100","2000","4600","17000","6500","9300","1300","12100","40700","7000","11700","900","14600","39000","16700","19500","6400","20800","58300"
"Greater Birmingham and Solihull","LEP",2021,"122600","201400","31300","212500","503700","12700","47700","c","18000","2100","12200","22700","4600","61900","57300","13700","18300","6700","24600","86100","21900","28700","5500","36700","131400","23100","31400","3200","33200","110500","39000","52600","9700","38100","116300"
"Greater Manchester","LEP",2021,"171000","303400","49000","310900","698400","18000","59800","1200","19700","3100","14100","33900","7500","62500","50300","10100","27200","3900","39500","105800","30100","45100","7100","66400","208700","31700","48600","8400","48000","155800","67000","88700","21000","74700","174800"
"Heart of the South West","LEP",2021,"114300","169000","45900","196300","384600","13300","26800","c","15000","c","10100","17300","7900","32700","23200","6800","14500","3300","29900","43900","14600","34200","5800","36800","87500","17400","21800","7000","33500","94400","52100","54500","20300","48300","134200"
"Lancashire","LEP",2021,"109300","154900","27200","175800","311200","12500","30200","c","11900","1400","9900","11000","3400","34500","23300","9000","10700","3700","15200","40600","16500","28300","5000","32300","75900","18900","29000","4500","35600","59200","42500","45800","10500","46300","110900"
"Leicester and Leicestershire","LEP",2021,"55300","108300","18800","127700","253700","4500","19800","c","8000","2100","4100","9400","1700","34100","18100","5300","8500","1600","8700","38300","11400","21000","4300","26000","60500","7500","18700","3600","21200","67600","22600","30900","7600","29700","67200"
"Liverpool City Region","LEP",2021,"82800","169400","33300","169600","378000","6300","28800","c","17600","2100","2900","19500","2800","37600","28200","4500","14700","4300","19100","53900","8700","28700","5000","29900","107600","18200","25000","4500","27700","78200","42200","52900","16400","37600","108000"
"North East","LEP",2021,"115700","225800","46800","211700","423800","9900","40300","c","13100","3300","10600","17500","6200","47100","34200","5800","19700","5900","26000","52700","17300","37800","7700","41700","109600","17100","36700","3600","33200","99700","55000","73700","22900","50600","124300"
"Stoke-on-Trent and Staffordshire","LEP",2021,"64400","118800","25800","115500","263200","6600","20300","c","11500","c","4600","8200","5100","22000","18300","8500","6600","2300","10300","32700","8600","19100","3800","23000","64700","8300","23300","4000","18000","61900","28000","41300","10000","30600","85300"
"Swindon and Wiltshire","LEP",2021,"44000","78300","12500","77600","179900","1100","19500","c","4800","c","3900","4100","c","9600","10700","3500","4800","c","8700","17500","6000","15300","1400","15300","46100","6500","9400","3400","17100","43700","23000","25400","6000","22000","61500"
"Tees Valley","LEP",2021,"45100","74000","16600","81200","135400","4300","13200","600","5400","c","4700","8600","1500","12700","8300","2800","4900","2000","8800","20500","7000","11800","3800","18600","32700","6600","10700","1900","15100","32000","19800","24800","6800","20500","41600"
"Thames Valley Berkshire","LEP",2021,"47000","84400","10000","87600","287000","4100","18800","c","7900","c","5300","6100","900","16400","14400","3300","8100","1800","11000","27300","7300","12300","900","16400","76500","7200","13200","2700","14800","81000","19800","25800","3400","21000","87600"
"The Marches","LEP",2021,"43500","62900","10300","70300","157400","4300","11200","c","5400","c","1800","5700","1000","9700","9000","4400","4400","1100","7600","12000","8000","8000","1800","11300","33800","5900","11600","2300","13100","37400","19200","22100","4000","23200","64800"
"West of England","LEP",2021,"65600","97600","9400","134100","374200","6900","24800","c","11000","c","6700","11100","c","31700","30500","2600","6700","1400","13000","53100","10100","12200","1900","25100","106600","9200","16300","1000","22000","85400","30300","26500","4700","31300","98300"
"Worcestershire","LEP",2021,"32200","63200","9600","59300","149700","3900","14200","c","1300","c","c","7100","c","9600","9600","2900","3800","1700","8000","17000","6100","7800","c","12400","40100","3900","8200","c","11000","36400","14400","22000","5400","17000","46300"
"Buckinghamshire","LEP",2021,"23800","44100","11700","59900","156200","1200","10100","c","7100","c","c","3300","1800","9900","9600","c","1500","1600","10300","13900","1700","5700","3300","7900","38500","6200","6000","1200","10800","46400","13200","17500","3800","14000","47300"
"Coast to Capital","LEP",2021,"95900","134900","16300","146600","459600","8600","34300","c","10100","c","7600","9200","c","24600","26900","8900","8000","c","19600","37500","16100","13000","2900","26500","112400","18900","18900","2300","24200","130300","35800","51400","9100","41600","151500"
"Derby, Derbyshire, Nottingham and Nottinghamshire","LEP",2021,"167300","215200","52300","238900","506100","15400","39700","4300","13000","3200","18100","30400","4500","43700","36200","13800","17000","6200","30900","62400","25200","29200","8200","45600","126000","27600","28900","10700","43900","122300","67200","70100","18300","61800","155900"
"Enterprise M3","LEP",2021,"93200","128100","24100","146900","459400","6300","30800","c","17700","c","13400","13700","c","28100","29500","4700","5900","2800","13100","61500","8400","19300","4100","22700","105400","22100","17800","4700","24500","121200","38200","40700","12400","40900","141300"
"Hertfordshire","LEP",2021,"68600","117900","19600","100900","365700","3100","22600","c","12700","c","2700","10100","1700","10600","26700","3400","11000","2500","9700","36900","9400","19800","2500","19600","104200","11400","15200","2600","24100","103000","38600","39200","9300","24300","93400"
"London","LEP",2021,"347200","587500","51800","732700","3603800","38300","182400","c","81900","6300","36100","44400","5700","167200","261200","24000","43600","6100","76300","557700","55000","74000","9000","123500","1218400","68900","80600","4900","121100","806100","125000","162500","24800","162700","754100"
"New Anglia","LEP",2021,"128500","166100","36800","183300","331700","11600","23700","c","12600","c","6700","15900","4600","32300","19300","8000","10100","3100","28600","37100","20900","29000","6900","33500","79800","18600","32800","4500","30900","79200","62800","54500","17300","45300","116000"
"Oxfordshire","LEP",2021,"24500","51900","9500","66000","233200","2300","12900","c","10400","c","c","7900","c","15200","13000","c","1100","1900","3700","36800","5900","4500","c","10100","57900","4500","6600","1400","9500","55400","10700","19000","3100","17100","70100"
"Sheffield City Region","LEP",2021,"89500","160600","26500","165800","321100","12300","30000","c","8800","c","6600","15000","2100","38000","30000","3200","13500","2100","22600","50200","14300","23000","5200","36000","76700","15700","27700","3800","19200","73400","37400","51300","12900","41200","89600"
"Solent","LEP",2021,"92400","125700","28400","144700","304700","12200","22100","c","10000","c","8000","13500","3300","32400","24400","4900","8300","2100","10900","42400","9700","20400","3300","30900","79000","15000","19900","6100","27900","72100","42500","41500","13300","32500","86900"
"South East","LEP",2021,"302700","490000","75300","469300","933400","23100","86100","1800","41500","c","25000","43800","9900","67800","63100","18500","37000","6300","55200","102700","38500","67600","14100","99100","245000","61900","96400","10700","83300","222300","135600","159200","32300","122300","299500"
"South East Midlands","LEP",2021,"117900","186600","36300","198100","394500","9300","40300","c","20900","1700","10200","14100","3600","30600","23200","9300","10100","2600","22700","51500","17200","30200","5400","42700","104400","19700","35100","3400","27300","103100","52100","56900","20300","54000","110600"
"York and North Yorkshire","LEP",2021,"38100","70700","13700","84800","233100","2700","14300","c","9200","600","c","7800","1900","19400","10600","3600","4500","c","5500","28900","6500","9600","1900","15400","49900","6800","9500","2100","14400","54600","16800","25100","7300","20800","88600"
"Greater Cambridge and Greater Peterborough","LEP",2021,"50100","74400","11000","102100","227900","6400","15500","c","8200","900","2900","10300","c","17500","12800","3200","6200","c","14000","24900","8000","9500","2100","21800","58200","6600","13100","800","16800","60800","23000","19800","5800","23800","70300"
"Greater Lincolnshire","LEP",2021,"84300","121100","25000","113000","206000","6400","20400","c","5300","c","8400","10300","3200","13400","13400","2400","9200","2800","19200","20700","11100","13800","4400","26200","54000","14400","21200","3200","20700","47000","41600","46200","11300","28300","70400"
"Hull and East Yorkshire","LEP",2021,"42900","64600","17200","71900","117600","3100","8600","c","5200","c","2200","4900","3300","10700","11100","5000","3800","3300","8700","10100","8800","10800","2200","15300","26400","6800","12400","2500","14000","28100","16900","24000","5600","17900","41600"
"Leeds City Region","LEP",2021,"146600","225300","38700","265000","553600","10200","53300","1600","24800","1300","9600","13300","7800","62100","47900","9400","16300","3300","28100","81700","28700","39700","5000","53600","147000","29700","33200","3200","39400","130900","59000","69600","17800","57000","144900"
"//www.ons.gov.uk/news/statementsandletters/occupationaldatainonssurveys.","AN ISSUE WITH THE COLLECTION OF OCCUPATIONAL DATA AFFECTED THE ACCURACY OF THE BREAKDOWNS OF SOME DETAILED OCCUPATIONS, AND DATA DERIVED FROM THEM. WE ARE URGING CAUTION IN THE INTERPRETATION OF THESE DETAILED DATA AS WE RESOLVE THE ISSUE. HTTPS",2021,NA,NA,NA,NA,NA,NA,NA,NA,NA,NA,NA,NA,NA,NA,NA,NA,NA,NA,NA,NA,NA,NA,NA,NA,NA,NA,NA,NA,NA,NA,NA,NA,NA,NA,NA
"Brighton and Hove, East Sussex, West Sussex","LSIP",2021,"123400","153500","15600","181100","447600","6200","30000","0","4400","0","3800","4700","0","26700","14000","2200","2400","0","13500","30800","11100","4100","0","31800","106700","17100","16500","900","28500","117100","47100","53700","3500","52600","157200"
"Buckinghamshire ","LSIP",2021,"23800","44100","11700","59900","156200","1200","10100","0","7100","0","0","3300","1800","9900","9600","0","1500","1600","10300","13900","1700","5700","3300","7900","38500","6200","6000","1200","10800","46400","13200","17500","3800","14000","47300"
"Cambridgeshire and Peterborough","LSIP",2021,"50200","74500","9100","102100","227900","6500","15000","0","6400","900","2100","8300","0","10800","12000","0","2000","0","9200","24900","5800","5100","0","21700","58200","5500","12300","0","16800","60800","23000","19900","5500","22400","70200"
"Cheshire and Warrington","LSIP",2021,"47700","98000","22400","90700","243400","2600","16500","0","8600","0","0","2900","0","17100","16600","0","6800","0","12000","22800","7200","14300","1100","16500","59800","12300","19800","4100","15300","53900","21700","35800","8700","21400","89800"
"Cornwall and the Isles of Scilly","LSIP",2021,"40100","58000","17700","59500","118400","4300","10800","0","3700","0","2700","4000","0","12700","13300","3200","4900","3300","5100","10900","4600","10100","1400","10100","21900","6200","9000","3000","13500","21900","19100","19300","9400","14400","49100"
"Cumbria","LSIP",2021,"37300","51900","16200","53400","95300","3700","5800","0","4200","0","0","2700","0","3600","0","0","1200","0","8600","7300","0","7500","1500","9200","20400","4100","7200","1600","9600","21300","16800","16900","8400","14200","40400"
"Derbyshire and Nottinghamshire","LSIP",2021,"167100","215200","50400","239000","506100","7000","37600","0","6100","0","9100","24700","0","36100","28200","5300","8500","1500","25300","60800","13000","22200","2900","44100","126000","22400","25500","6900","41500","122400","65000","70100","15600","61800","155900"
"Dorset","LSIP",2021,"1e+05","136800","36000","166500","368400","4000","23500","0","11500","0","8300","11800","0","24200","18500","1900","5300","0","18700","40100","6500","14800","5400","28900","90500","19400","19200","5900","27400","91000","42400","53000","15400","44600","124900"
"Enterprise M3 LEP (including all of Surrey)","LSIP",2021,"54800","90900","4200","100400","393700","0","21800","0","10400","0","2000","3700","0","16000","20000","0","0","0","2400","41100","0","9900","0","11100","93000","8100","3400","0","11600","113100","24900","25200","1100","29700","119000"
"Essex, Southend-on-Sea and Thurrock","LSIP",2021,"156500","220700","30400","186500","391400","3600","34700","0","6600","0","2900","5800","0","23500","24500","4100","12800","0","16200","44300","19900","23000","900","36400","109100","29400","43400","1200","28400","96200","69500","78000","8600","47600","107800"
"Gloucestershire","LSIP",2021,"37700","59400","9300","77200","164100","0","9400","0","10200","0","2100","1500","0","12600","6100","0","3200","0","0","17100","4100","9300","0","12000","40700","5400","10500","0","14600","39000","16700","19400","4900","20700","58400"
"Greater Lincolnshire","LSIP",2021,"84400","121200","24600","112900","206000","2900","16700","0","1200","0","1000","6500","800","7700","4500","900","3300","0","12500","16800","4500","10700","2300","22800","52800","12200","19700","700","18600","46100","41700","46100","9600","28300","70500"
"Greater London","LSIP",2021,"347100","587500","43300","731100","3603700","13800","180300","0","69100","0","10900","30500","1800","158500","252300","4500","20600","2100","56800","557500","45000","57200","0","118000","1218400","59200","72100","0","111900","801700","121900","161100","15600","159400","749800"
"Greater Manchester","LSIP",2021,"171100","303500","49300","310900","698500","17100","59800","0","19600","0","9200","32800","2900","62500","50300","8400","26900","2200","39400","105700","30100","45200","4900","66400","208700","31800","48500","4600","48200","155900","67100","88700","21100","74700","174900"
"Heart of the South-West","LSIP",2021,"114300","169000","43500","196300","384600","5100","20500","0","8600","0","3800","11000","0","28200","20000","3000","5300","0","26400","41300","9300","31800","1900","34100","85100","12200","20600","3100","33500","94400","50700","54400","19200","48200","134200"
"Hertfordshire","LSIP",2021,"68600","118000","16800","100900","365600","0","21400","0","12100","0","0","6500","0","3300","24600","0","3200","0","2200","33000","1100","15100","0","12300","104100","10300","12500","0","23900","103100","38600","39400","7100","23300","93300"
"Hull and East Yorkshire","LSIP",2021,"42900","64600","17300","71900","117700","3100","8600","0","5200","0","0","4900","3200","10700","11100","5000","3800","2500","8700","10100","8900","10800","2200","15300","26400","6800","12400","2500","14100","28100","16900","23900","5600","17900","41600"
"Kent and Medway","LSIP",2021,"104500","216700","31100","215500","429900","1800","29300","0","22300","0","3200","11800","0","22500","24000","2800","5600","0","14100","36500","8500","29000","2400","36900","111100","12800","40200","1600","33300","100100","46000","66700","14500","54500","144600"
"Lancashire","LSIP",2021,"109300","154900","24200","176000","311200","3600","26500","0","2100","0","800","3600","1100","32900","19500","6100","2800","0","10200","35700","9300","24800","900","29400","76000","11100","26300","0","32900","59300","42500","45800","7000","46100","110700"
"Leicester and Leicestershire","LSIP",2021,"55200","108300","17200","127800","253800","4000","17200","0","4000","1800","2900","6200","0","29400","11300","4300","5400","0","4100","37400","8400","18100","0","24000","60500","5600","17900","0","20900","67500","22500","30900","5700","29900","67100"
"Liverpool City Region","LSIP",2021,"82800","169400","33400","169500","378000","4900","28800","0","17700","800","1200","19500","0","37700","28100","3600","14700","3200","19100","53800","8800","28700","2500","30000","107500","18300","25000","4000","27700","78100","42200","52800","16400","37500","108000"
"Norfolk and Suffolk ","LSIP",2021,"128400","166300","36400","183400","331700","6800","13000","0","10500","0","2600","7100","1600","29000","14800","1500","5100","0","28000","35700","14100","27100","1700","32500","79700","15500","30800","0","29500","79100","62700","53500","14000","45200","116100"
"North East","LSIP",2021,"71600","149900","27000","124100","220900","6000","25600","0","5800","0","3700","13300","2300","24000","17200","0","15500","2800","18200","27800","11500","17900","4300","24300","56500","11600","26100","700","20400","53500","34500","51500","13500","30900","63700"
"North of Tyne","LSIP",2021,"44000","75700","19700","87600","203000","3100","14700","0","7000","0","5400","4300","1000","23100","17000","2500","4200","0","7700","24800","5800","19900","2800","17400","53000","4900","10400","1600","12700","46400","20400","22200","9300","19600","60600"
"Oxfordshire","LSIP",2021,"24400","51900","8400","66000","233200","1000","11800","0","10400","0","0","6100","0","13100","10000","0","0","0","2200","36700","4400","2900","0","7500","57900","4000","4900","0","9600","55500","9400","19000","1800","17000","70100"
"Solent","LSIP",2021,"92400","125600","28300","144600","304700","10700","22200","0","9500","0","5200","12200","0","31000","22100","1400","4600","1000","8500","42500","7400","17600","0","30300","78900","13000","18700","5400","27900","72200","42600","41500","13400","32400","86900"
"South East Midlands","LSIP",2021,"117900","186700","36300","198200","394600","8700","40300","0","20900","1300","5100","13000","0","30600","23100","8500","7600","0","22000","51600","17200","30200","4200","42800","104400","19700","35100","1800","27300","103100","52100","56900","20400","53900","110600"
"South Yorkshire","LSIP",2021,"89500","160600","26500","165800","321200","12200","30000","0","8800","0","6100","15000","1500","37900","30000","1600","13500","1200","22500","50300","14300","23000","4600","36000","76700","15700","27800","2700","19300","73400","37500","51300","13000","41100","89600"
"Stoke-on-Trent and Staffordshire","LSIP",2021,"64400","118800","24400","115500","263300","4600","17300","0","6600","0","0","5300","0","20800","13600","1300","4900","0","4900","29900","4000","16800","0","20600","64800","3800","21400","1500","13800","61800","27900","41400","7400","30600","85200"
"Swindon and Wiltshire","LSIP",2021,"44000","78400","12500","77600","179800","800","19400","0","4800","0","3900","4100","0","9700","10700","3500","4700","0","8700","17500","6000","15300","800","15300","46100","6500","9400","3400","17100","43700","23000","25300","6000","22000","61600"
"Tees Valley","LSIP",2021,"45200","74000","16600","81200","135600","3800","13200","0","5000","0","4800","8700","0","12600","8400","1400","5000","1600","8800","20600","7000","11800","2900","18700","32700","6300","10800","600","15100","32000","19900","24900","6800","20400","41700"
"Thames Valley Berkshire","LSIP",2021,"47000","84400","10000","87600","287000","3300","18900","0","7500","0","4200","6100","0","16500","14300","2400","7500","700","11000","27300","7400","12400","0","16500","76600","7200","13100","900","14800","81000","19700","25700","2900","21000","87600"
"The Marches","LSIP",2021,"43500","62900","10300","70300","157400","4100","11100","0","5400","0","1800","5700","1000","9800","9000","2900","4400","0","7600","12000","8000","7900","1400","11300","33800","5800","11500","2000","13100","37400","19200","22100","4100","23200","64900"
"West Midlands and Warwickshire","LSIP",2021,"208900","353500","53900","365300","835100","18400","82800","0","28300","2100","11800","37200","1400","80900","83100","12800","30500","4900","34900","134700","33100","54100","4400","69200","218000","40300","49200","2500","57300","189800","80100","90300","19200","85200","204600"
"West of England and North Somerset","LSIP",2021,"65500","97600","9400","134000","374100","6800","24700","0","10900","0","5500","10300","0","31700","30600","2000","6400","500","13000","53200","9500","12200","800","25100","106600","9100","16300","700","21900","85400","30300","26500","4000","31300","98300"
"West Yorkshire","LSIP",2021,"146600","225400","38700","265000","553600","9300","53200","0","24800","0","8500","10500","2000","62200","47900","9300","15600","1500","28200","81600","28600","39700","3500","53600","147000","29700","33300","1700","39400","130900","59000","69600","17800","56900","144900"
"Worcestershire","LSIP",2021,"32200","63200","8800","59200","149700","0","14200","0","0","0","0","3200","0","4900","6400","0","1900","0","6800","16900","3600","6200","0","11700","40200","3600","7900","0","9700","36400","13600","22000","4000","17000","46200"
"York and North Yorkshire","LSIP",2021,"38000","70700","11200","84800","233200","500","11900","0","5700","600","0","3100","0","16600","7100","900","1400","0","4300","26400","3900","6100","900","12800","49900","3600","9100","0","13600","54700","16200","25100","2800","19800","88600"
